-- phpMyAdmin SQL Dump
-- version 4.6.6deb5
-- https://www.phpmyadmin.net/
--
-- Host: localhost:3306
-- Generation Time: May 05, 2020 at 05:23 AM
-- Server version: 5.7.29-0ubuntu0.18.04.1
-- PHP Version: 7.2.24-0ubuntu0.18.04.3

SET SQL_MODE = "NO_AUTO_VALUE_ON_ZERO";
SET time_zone = "+00:00";

--
-- Database: `msh`
--

--
-- Dumping data for table `add_ons`
--

INSERT INTO `add_ons` (`id`, `description`, `details`, `price`, `is_default_offered`, `is_active`, `created_by`, `updated_by`, `deleted_at`, `created_at`, `updated_at`) VALUES
(1, 'Stand Up Paddle', NULL, '150.00', 1, 1, 1, 1, NULL, '2020-01-20 21:22:17', '2020-01-20 21:22:17'),
(2, 'Underwater Scooter', NULL, '150.00', 1, 1, 1, 1, NULL, '2020-01-20 21:22:37', '2020-01-20 21:22:37');

--
-- Dumping data for table `ambassadors`
--

INSERT INTO `ambassadors` (`id`, `guest_title_id`, `instructor_profile`, `first_name`, `last_name`, `middle_name`, `birth_date`, `nationality_id`, `phone_number`, `email`, `pob_country`, `pob_city`, `current_residency`, `identification_card_type_id`, `other_id_type`, `id_number`, `passport_number`, `expiration_date`, `is_active`, `created_by`, `updated_by`, `deleted_at`, `created_at`, `updated_at`) VALUES
(1, NULL, 'https://www.yogasailingholidays.com/', 'Emily', 'Jerde', '', NULL, NULL, '', 'emilyjerdelmt@gmail.com', '', '', '', NULL, NULL, NULL, '', '', 1, 5, 1, NULL, '2020-01-14 19:02:38', '2020-03-11 07:50:04'),
(2, NULL, NULL, 'Alana', 'Michele', '', NULL, NULL, '', '', NULL, NULL, NULL, NULL, NULL, NULL, NULL, NULL, 1, 5, 5, NULL, '2020-01-14 19:03:41', '2020-01-14 19:03:41'),
(3, NULL, NULL, 'Anthony', 'Cushion', '', NULL, NULL, '', '', NULL, NULL, NULL, NULL, NULL, NULL, NULL, NULL, 1, 5, 5, NULL, '2020-01-14 19:03:58', '2020-01-14 19:03:58'),
(4, NULL, NULL, 'Rahul', 'Rathore', '', NULL, NULL, '', '', NULL, NULL, NULL, NULL, NULL, NULL, NULL, NULL, 1, 5, 5, NULL, '2020-01-14 19:04:12', '2020-01-14 19:04:12'),
(5, NULL, NULL, 'Andres', 'Leal', '', NULL, NULL, '', '', NULL, NULL, NULL, NULL, NULL, NULL, NULL, NULL, 1, 5, 5, NULL, '2020-01-14 19:04:23', '2020-01-14 19:04:23'),
(6, NULL, 'https://www.yogasailingholidays.com', 'Leilanie', 'Paz', '', NULL, NULL, '', 'leilanieyoga@gmail.com', '', '', '', NULL, NULL, NULL, '', '', 1, 5, 1, NULL, '2020-01-14 19:04:33', '2020-03-11 07:51:52'),
(7, NULL, 'https://www.yogasailingholidays.com/', 'Dee', 'Ishani', '', NULL, NULL, '', 'dee@harakati.yoga', '', '', '', NULL, NULL, NULL, '', '', 1, 5, 1, NULL, '2020-01-14 19:04:44', '2020-03-11 07:52:40'),
(8, NULL, NULL, 'Danielle', 'Pitcher', '', NULL, NULL, '', '', NULL, NULL, NULL, NULL, NULL, NULL, NULL, NULL, 1, 5, 5, NULL, '2020-01-14 19:04:54', '2020-01-14 19:04:54'),
(9, NULL, 'https://www.yogasailingholidays.com/', 'Rebekka', 'Nerhovde', '', NULL, NULL, '', 'rebekkaneh@gmail.com', '', '', '', NULL, NULL, NULL, '', '', 1, 4, 1, NULL, '2020-01-14 19:04:58', '2020-03-11 07:54:43'),
(10, NULL, 'https://www.yogasailingholidays.com/', 'Stefanie', 'Blaskowitz', '', NULL, NULL, '', 'try.the.rolling.yogi@gmail.com', '', '', '', NULL, NULL, NULL, '', '', 1, 5, 1, NULL, '2020-01-14 19:05:06', '2020-03-11 07:53:16'),
(11, NULL, NULL, 'Kamilla', 'Seljelid', '', NULL, NULL, '', '', NULL, NULL, NULL, NULL, NULL, NULL, NULL, NULL, 1, 5, 5, NULL, '2020-01-14 19:05:20', '2020-01-14 19:05:20'),
(12, NULL, NULL, 'Maria', 'Johnson', '', NULL, NULL, '', '', NULL, NULL, NULL, NULL, NULL, NULL, NULL, NULL, 1, 4, 4, NULL, '2020-01-14 19:05:25', '2020-01-14 19:05:25'),
(13, NULL, NULL, 'Rebekka', 'Nerhovde', '', NULL, NULL, '', '', NULL, NULL, NULL, NULL, NULL, NULL, NULL, NULL, 1, 5, 1, '2020-03-03 05:17:16', '2020-01-14 19:05:30', '2020-03-03 05:17:16'),
(14, NULL, NULL, 'Maddie', 'Lynch', '', NULL, NULL, '', '', NULL, NULL, NULL, NULL, NULL, NULL, NULL, NULL, 1, 4, 4, NULL, '2020-01-14 19:05:47', '2020-01-14 19:05:47'),
(15, NULL, NULL, 'Timur', 'Tugberk', '', NULL, NULL, '', '', NULL, NULL, NULL, NULL, NULL, NULL, NULL, NULL, 1, 5, 1, '2020-03-03 05:19:29', '2020-01-14 19:05:50', '2020-03-03 05:19:29'),
(16, NULL, 'https://www.yogasailingholidays.com/', 'Chrissie', 'Alexander', '', NULL, NULL, '', 'chrissiealex@gmail.com', '', '', '', NULL, NULL, NULL, '', '', 1, 5, 1, NULL, '2020-01-14 19:06:01', '2020-03-11 07:55:26'),
(17, NULL, NULL, 'Katie', 'Schiffgen', '', NULL, NULL, '', '', NULL, NULL, NULL, NULL, NULL, NULL, NULL, NULL, 1, 4, 4, NULL, '2020-01-14 19:06:33', '2020-01-14 19:06:33'),
(18, NULL, NULL, 'Karina', 'Sell', '', NULL, NULL, '', '', NULL, NULL, NULL, NULL, NULL, NULL, NULL, NULL, 1, 4, 1, '2020-03-03 05:17:46', '2020-01-14 19:07:05', '2020-03-03 05:17:46'),
(19, NULL, 'https://www.yogasailingholidays.com/', 'Cate', 'Murray', '', NULL, NULL, '', 'cate.eilee.murray@gmail.com', '', '', '', NULL, NULL, NULL, '', '', 1, 5, 1, NULL, '2020-01-14 19:07:11', '2020-03-11 07:55:59'),
(20, NULL, NULL, 'Farah', 'Mostafa', '', NULL, NULL, '', '', NULL, NULL, NULL, NULL, NULL, NULL, NULL, NULL, 1, 4, 4, NULL, '2020-01-14 19:07:56', '2020-01-14 19:07:56'),
(21, NULL, NULL, 'The', 'Globetrotter Guys', '', NULL, NULL, '', '', NULL, NULL, NULL, NULL, NULL, NULL, NULL, NULL, 1, 5, 5, NULL, '2020-01-14 19:08:12', '2020-01-14 19:08:57'),
(22, NULL, NULL, 'Giulietta', 'Evans', '', NULL, NULL, '', '', NULL, NULL, NULL, NULL, NULL, NULL, NULL, NULL, 1, 5, 1, '2020-03-03 05:06:58', '2020-01-14 19:08:42', '2020-03-03 05:06:58'),
(23, NULL, NULL, 'Danielle', 'DeGroot', '', NULL, NULL, '', '', NULL, NULL, NULL, NULL, NULL, NULL, NULL, NULL, 1, 4, 4, NULL, '2020-01-14 19:08:56', '2020-01-14 19:08:56'),
(24, NULL, NULL, 'Two', 'Bad Tourists', '', NULL, NULL, '', '', NULL, NULL, NULL, NULL, NULL, NULL, NULL, NULL, 1, 5, 5, NULL, '2020-01-14 19:09:14', '2020-01-14 19:09:14'),
(25, NULL, NULL, 'Amanda', 'Freels', '', NULL, NULL, '', '', NULL, NULL, NULL, NULL, NULL, NULL, NULL, NULL, 1, 4, 4, NULL, '2020-01-14 19:09:24', '2020-01-14 19:09:24'),
(26, NULL, NULL, 'Keilimei', 'Trahan-McCarthy', '', NULL, NULL, '', '', NULL, NULL, NULL, NULL, NULL, NULL, NULL, NULL, 1, 5, 5, NULL, '2020-01-14 19:09:28', '2020-01-14 19:09:28'),
(27, NULL, 'https://www.yogasailingholidays.com/', 'Ramone', 'Bisset', '', NULL, NULL, '', 'ramonebisset@hotmail.com', '', '', '', NULL, NULL, NULL, '', '', 1, 5, 1, NULL, '2020-01-14 19:09:43', '2020-03-11 07:57:10'),
(28, NULL, NULL, 'Donna', 'Freakie', '', NULL, NULL, '', '', NULL, NULL, NULL, NULL, NULL, NULL, NULL, NULL, 1, 4, 4, NULL, '2020-01-14 19:09:46', '2020-01-14 19:09:46'),
(29, NULL, NULL, 'Saeunn', 'Rut', '', NULL, NULL, '', '', NULL, NULL, NULL, NULL, NULL, NULL, NULL, NULL, 1, 5, 1, '2020-03-03 05:00:42', '2020-01-14 19:09:54', '2020-03-03 05:00:42'),
(30, NULL, NULL, 'Charlotte', 'Pragnell', '', NULL, NULL, '', '', NULL, NULL, NULL, NULL, NULL, NULL, NULL, NULL, 1, 4, 4, NULL, '2020-01-14 19:10:02', '2020-01-14 19:10:02'),
(31, NULL, 'https://www.yogasailingholidays.com/', 'Arezu', 'Kaywanfar', '', NULL, NULL, '', 'arezukay@yahoo.com', '', '', '', NULL, NULL, NULL, '', '', 1, 5, 1, NULL, '2020-01-14 19:10:04', '2020-03-11 07:57:46'),
(32, NULL, NULL, 'Claire', 'Ewing', '', NULL, NULL, '', '', NULL, NULL, NULL, NULL, NULL, NULL, NULL, NULL, 1, 5, 1, '2020-03-03 04:56:54', '2020-01-14 19:10:15', '2020-03-03 04:56:54'),
(33, NULL, NULL, 'Christina', 'Podegracz', '', NULL, NULL, '', '', NULL, NULL, NULL, NULL, NULL, NULL, NULL, NULL, 1, 4, 4, NULL, '2020-01-14 19:10:18', '2020-01-14 19:10:18'),
(34, NULL, 'https://www.yogasailingholidays.com/', 'Megan', 'Sullivan', '', NULL, NULL, '', 'yogameg@live.com', '', '', '', NULL, NULL, NULL, '', '', 1, 5, 1, NULL, '2020-01-14 19:10:39', '2020-03-11 07:58:25'),
(35, NULL, NULL, 'Helen', 'Lipson', '', NULL, NULL, '', '', NULL, NULL, NULL, NULL, NULL, NULL, NULL, NULL, 1, 5, 1, '2020-03-03 04:48:53', '2020-01-14 19:10:50', '2020-03-03 04:48:53'),
(36, NULL, NULL, 'Rahul', 'Rathore', '', NULL, NULL, '', '', NULL, NULL, NULL, NULL, NULL, NULL, NULL, NULL, 1, 5, 1, '2020-03-03 04:48:48', '2020-01-20 21:41:18', '2020-03-03 04:48:48'),
(37, 2, 'https://www.yogasailingholidays.com/', 'Elke', 'Bancken', '', NULL, NULL, '', 'Ebancken@gmail.com', '', '', '', NULL, NULL, NULL, '', '', 1, 1, 1, NULL, '2020-03-04 05:12:58', '2020-03-11 07:53:47'),
(38, 2, 'https://www.yogasailingholidays.com/', 'Ariana', 'Speirs', '', NULL, NULL, '', 'arianaspeirs@gmail.com', '', '', '', NULL, NULL, NULL, '', '', 1, 1, 1, NULL, '2020-03-04 08:00:23', '2020-03-11 07:56:28'),
(39, 2, NULL, 'Carmen', 'Elena', '', NULL, NULL, '', 'carmen.frey@uzh.ch', '', '', '', NULL, NULL, NULL, '', '', 1, 1, 1, NULL, '2020-03-05 01:20:33', '2020-03-05 01:20:33'),
(40, 2, NULL, 'Arezu', 'Kaywanfar', '', NULL, NULL, '', 'arezukay@yahoo.com', '', '', '', NULL, NULL, NULL, '', '', 1, 1, 1, '2020-03-05 03:38:31', '2020-03-05 03:31:44', '2020-03-05 03:38:31'),
(41, 2, 'https://www.yogasailingholidays.com/', 'Marianne', 'Jezerinac', '', NULL, NULL, '', 'Mjmarjez@gmail.com', '', '', '', NULL, NULL, NULL, '', '', 1, 1, 1, NULL, '2020-03-05 03:43:22', '2020-03-11 07:58:49');

--
-- Dumping data for table `ambassador_media`
--

INSERT INTO `ambassador_media` (`ambassador_id`, `media_id`) VALUES
(34, 1),
(1, 3),
(30, 4),
(6, 5),
(27, 6),
(26, 8),
(7, 7),
(25, 9),
(8, 10),
(20, 12),
(11, 13),
(9, 11),
(19, 14),
(17, 15),
(16, 16),
(14, 17),
(10, 44);

--
-- Dumping data for table `boats`
--

INSERT INTO `boats` (`id`, `boat_type_id`, `boat_brand_id`, `boat_model_id`, `name`, `is_active`, `created_by`, `updated_by`, `deleted_at`, `created_at`, `updated_at`) VALUES
(1, 1, 1, 1, 'Nabucco', 1, 1, 1, NULL, '2020-01-14 19:20:31', '2020-03-03 05:30:18'),
(2, 1, 1, 1, 'Lastovo', 1, 1, 1, NULL, '2020-01-14 19:20:33', '2020-01-14 19:44:25'),
(3, 2, 2, 2, 'Blue Steel', 1, 1, 1, NULL, '2020-01-20 18:22:38', '2020-01-20 18:22:38'),
(4, 1, 1, 1, 'MOJA TI', 1, 1, 1, NULL, '2020-03-04 07:43:45', '2020-03-04 07:43:45');

--
-- Dumping data for table `boat_brands`
--

INSERT INTO `boat_brands` (`id`, `name`, `is_active`, `created_by`, `updated_by`, `deleted_at`, `created_at`, `updated_at`) VALUES
(1, 'Oceanis 48', 1, 4, 1, NULL, '2020-01-14 18:59:54', '2020-03-19 03:41:23'),
(2, 'Lagoon 42', 1, 4, 1, NULL, '2020-01-14 19:00:29', '2020-03-19 03:41:50');

--
-- Dumping data for table `boat_cabins`
--

INSERT INTO `boat_cabins` (`id`, `boat_id`, `cabin_type_id`, `code`, `cabin_description`, `occupancy`, `is_active`, `created_by`, `updated_by`, `deleted_at`, `created_at`, `updated_at`) VALUES
(1, 1, 2, 'Port', NULL, 2, 1, 1, 1, NULL, '2020-01-14 19:20:31', '2020-03-12 04:21:23'),
(2, 1, 2, 'Starboard', NULL, 2, 1, 1, 1, NULL, '2020-01-14 19:20:31', '2020-03-12 04:21:23'),
(3, 1, 3, 'Port', NULL, 2, 1, 1, 1, NULL, '2020-01-14 19:20:31', '2020-03-17 07:51:44'),
(4, 1, 3, 'Starboard', NULL, 2, 1, 1, 1, NULL, '2020-01-14 19:20:31', '2020-03-17 07:51:44'),
(5, 2, 2, 'Port', NULL, 2, 1, 1, 1, NULL, '2020-01-14 19:20:33', '2020-03-17 07:52:08'),
(6, 2, 2, 'Starboard', NULL, 2, 1, 1, 1, NULL, '2020-01-14 19:20:33', '2020-03-17 07:52:08'),
(7, 2, 3, 'Port', NULL, 2, 1, 1, 1, NULL, '2020-01-14 19:20:33', '2020-03-17 07:52:08'),
(8, 2, 3, 'Starboard', NULL, 2, 1, 1, 1, NULL, '2020-01-14 19:20:33', '2020-03-17 07:52:08'),
(9, 3, 1, 'Port', '', 2, 1, 1, 1, NULL, '2020-01-20 18:22:38', '2020-01-20 18:22:38'),
(10, 3, 2, 'Port', '', 2, 1, 1, 1, NULL, '2020-01-20 18:22:38', '2020-01-20 18:22:38'),
(11, 3, 1, 'Starboard', '', 2, 1, 1, 1, NULL, '2020-01-20 18:22:38', '2020-01-20 18:22:38'),
(12, 3, 2, 'Starboard', '', 2, 1, 1, 1, NULL, '2020-01-20 18:22:38', '2020-01-20 18:22:38'),
(13, 4, 2, 'Port Side', NULL, 2, 1, 1, 1, NULL, '2020-03-04 07:43:45', '2020-03-17 07:52:30'),
(14, 4, 2, 'Starboard', NULL, 2, 1, 1, 1, NULL, '2020-03-04 07:43:45', '2020-03-17 07:52:30'),
(15, 4, 3, 'Port Side', NULL, 2, 1, 1, 1, NULL, '2020-03-04 07:43:45', '2020-03-17 07:52:30'),
(16, 4, 3, 'Starboard', NULL, 2, 1, 1, 1, NULL, '2020-03-04 07:43:45', '2020-03-17 07:52:30');

--
-- Dumping data for table `boat_cabin_media`
--

INSERT INTO `boat_cabin_media` (`boat_cabin_id`, `media_id`) VALUES
(1, 22),
(2, 22),
(3, 18),
(4, 20),
(5, 22),
(6, 22),
(7, 18),
(8, 20);

--
-- Dumping data for table `boat_crews`
--

INSERT INTO `boat_crews` (`id`, `crew_type_id`, `guest_title_id`, `first_name`, `last_name`, `middle_name`, `birth_date`, `nationality_id`, `phone_number`, `email`, `pob_country`, `pob_city`, `current_residency`, `identification_card_type_id`, `other_id_type`, `id_number`, `passport_number`, `expiration_date`, `is_active`, `created_by`, `updated_by`, `deleted_at`, `created_at`, `updated_at`) VALUES
(1, 2, NULL, 'Rino', 'Katic', '', NULL, NULL, '', '', NULL, NULL, NULL, NULL, NULL, NULL, NULL, NULL, 1, 5, 5, NULL, '2020-01-20 21:24:16', '2020-01-20 21:24:16'),
(2, 1, NULL, 'Jonathan', 'Colwell', '', NULL, NULL, '', '', NULL, NULL, NULL, NULL, NULL, NULL, NULL, NULL, 1, 1, 1, NULL, '2020-01-20 21:24:20', '2020-01-20 21:24:20'),
(3, 1, NULL, 'Balazs', 'Doczy', '', NULL, NULL, '', '', NULL, NULL, NULL, NULL, NULL, NULL, NULL, NULL, 1, 1, 1, NULL, '2020-01-20 21:25:16', '2020-01-20 21:25:16');

--
-- Dumping data for table `boat_media`
--

INSERT INTO `boat_media` (`boat_id`, `media_id`) VALUES
(1, 26),
(1, 21),
(1, 20),
(1, 18),
(1, 19),
(1, 25),
(1, 28),
(1, 23),
(1, 24),
(1, 27),
(1, 29),
(1, 22),
(2, 29),
(2, 26),
(2, 27),
(2, 24),
(2, 23),
(2, 22),
(2, 21),
(2, 20),
(2, 18),
(2, 19),
(2, 25),
(2, 28),
(3, 37),
(3, 38),
(3, 36),
(3, 35),
(3, 34),
(3, 33),
(3, 31),
(3, 30);

--
-- Dumping data for table `boat_models`
--

INSERT INTO `boat_models` (`id`, `name`, `is_active`, `created_by`, `updated_by`, `deleted_at`, `created_at`, `updated_at`) VALUES
(1, 'Oceanis 48', 1, 4, 4, NULL, '2020-01-14 18:58:09', '2020-01-14 18:58:09'),
(2, 'Lagoon 42', 1, 4, 4, NULL, '2020-01-14 18:58:26', '2020-01-14 18:58:26');

--
-- Dumping data for table `boat_types`
--

INSERT INTO `boat_types` (`id`, `name`, `is_active`, `created_by`, `updated_by`, `deleted_at`, `created_at`, `updated_at`) VALUES
(1, 'Monohull', 1, 4, 4, NULL, '2020-01-14 19:01:10', '2020-01-14 19:01:10'),
(2, 'Catamaran', 1, 4, 4, NULL, '2020-01-14 19:01:24', '2020-01-14 19:01:24');

--
-- Dumping data for table `cabin_types`
--

INSERT INTO `cabin_types` (`id`, `name`, `description`, `is_active`, `created_by`, `updated_by`, `deleted_at`, `created_at`, `updated_at`) VALUES
(1, 'Master', 'The master cabin is at the back of the boat and is a lot more spacious than the forward cabin.  It has a double mattress bed and shared bathroom with shower.', 1, 4, 1, NULL, '2020-01-14 19:12:26', '2020-03-17 07:45:45'),
(2, 'Forward', 'The forward cabin is at the front of the boat and is slightly smaller than the aft cabin.  It does have a double mattress bed and a private bathroom with shower.', 1, 4, 1, NULL, '2020-01-14 19:12:39', '2020-03-17 07:46:00'),
(3, 'Aft', 'The aft cabin is at the back of the boat and is a lot more spacious than the forward cabin.  It has a double mattress bed and shared bathroom with shower.', 1, 1, 1, NULL, '2020-03-17 07:46:32', '2020-03-17 07:46:32');

--
-- Dumping data for table `city_ports`
--

INSERT INTO `city_ports` (`id`, `itinerary_city_id`, `name`, `is_active`, `created_by`, `updated_by`, `deleted_at`, `created_at`, `updated_at`) VALUES
(1, 1, 'Marina Kastela', 1, 1, 1, NULL, '2020-01-20 18:37:34', '2020-01-20 18:37:34'),
(2, 2, 'Lefkas Marina', 1, 5, 5, NULL, '2020-01-20 18:37:40', '2020-01-20 18:37:40'),
(3, 3, 'ACI Dubrovnik', 1, 1, 1, NULL, '2020-01-20 18:39:10', '2020-01-20 18:39:10'),
(4, 4, 'Hodges Creek / Maya Cove', 1, 1, 1, NULL, '2020-01-20 18:45:16', '2020-01-20 18:45:16'),
(5, 5, 'Alimos Marina', 1, 5, 5, NULL, '2020-01-20 18:49:28', '2020-01-20 18:49:28'),
(6, 6, 'Tourlos', 1, 1, 1, NULL, '2020-01-20 19:52:30', '2020-01-20 19:52:30');

--
-- Dumping data for table `crew_types`
--

INSERT INTO `crew_types` (`id`, `description`, `is_active`, `created_by`, `updated_by`, `deleted_at`, `created_at`, `updated_at`) VALUES
(1, 'Skipper', 1, 5, 5, NULL, '2020-01-20 21:23:02', '2020-01-20 21:23:02'),
(2, 'Hostess', 1, 1, 1, NULL, '2020-01-20 21:23:02', '2020-01-20 21:23:02');

--
-- Dumping data for table `diet_options`
--

INSERT INTO `diet_options` (`id`, `description`, `is_active`, `created_by`, `updated_by`, `deleted_at`, `created_at`, `updated_at`) VALUES
(1, 'Meat Protein', 1, 1, 1, NULL, '2020-03-17 07:58:28', '2020-03-17 07:58:28'),
(2, 'Vegan', 1, 1, 1, NULL, '2020-03-17 07:58:38', '2020-03-17 07:58:38'),
(3, 'Vegetarian', 1, 1, 1, NULL, '2020-03-17 07:58:52', '2020-03-17 07:58:52');

--
-- Dumping data for table `exclusions`
--

INSERT INTO `exclusions` (`id`, `description`, `details`, `is_default_checked`, `is_active`, `created_by`, `updated_by`, `deleted_at`, `created_at`, `updated_at`) VALUES
(1, 'Restaurant Dinner', NULL, 1, 1, 1, 1, NULL, '2020-01-20 20:54:40', '2020-01-20 20:54:40'),
(2, 'Excursions', NULL, 1, 1, 1, 1, NULL, '2020-01-20 20:55:32', '2020-01-20 20:55:32'),
(3, 'Water Taxi', NULL, 1, 1, 1, 1, NULL, '2020-01-20 21:00:34', '2020-01-20 21:00:34'),
(4, 'Alcohol / Mixes', 'Bring your own alcohol and mixes.', 1, 1, 1, 1, NULL, '2020-01-20 21:01:12', '2020-01-20 21:01:12'),
(5, 'Crew Gratuities', 'Gratuities are excluded from the total booking price. The standard skippers\' gratuity is at least 5% and if you are satisfied with the service we have provided, you can show us your appreciation by means of gratuity proportionate to your level of satisfaction.', 1, 1, 1, 4, NULL, '2020-01-20 21:13:14', '2020-01-20 22:30:12');

--
-- Dumping data for table `genders`
--

INSERT INTO `genders` (`id`, `description`, `is_active`, `created_by`, `updated_by`, `deleted_at`, `created_at`, `updated_at`) VALUES
(1, 'Male', 1, 1, 1, NULL, '2020-03-24 11:46:52', '2020-03-24 11:46:53'),
(2, 'Female', 1, 1, 1, NULL, '2020-03-24 11:47:19', '2020-03-24 11:47:20');

--
-- Dumping data for table `guest_titles`
--

INSERT INTO `guest_titles` (`id`, `description`, `is_active`, `created_by`, `updated_by`, `deleted_at`, `created_at`, `updated_at`) VALUES
(1, 'Mr.', 1, 1, 1, NULL, '2019-11-19 18:30:31', '2019-11-19 18:30:31'),
(2, 'Ms.', 1, 1, 1, '2020-03-17 06:50:09', '2019-11-19 18:30:31', '2020-03-17 06:50:09'),
(3, 'Dr.', 1, 1, 1, '2020-03-17 06:49:14', '2020-03-11 04:07:31', '2020-03-17 06:49:14'),
(4, 'Miss', 1, 1, 1, '2020-03-11 04:09:36', '2020-03-11 04:09:15', '2020-03-11 04:09:36'),
(5, 'Atty.', 1, 1, 1, '2020-03-17 06:49:18', '2020-03-11 04:09:48', '2020-03-17 06:49:18'),
(6, 'Engr.', 1, 1, 1, '2020-03-17 06:49:23', '2020-03-11 04:10:02', '2020-03-17 06:49:23'),
(7, 'Miss', 1, 1, 1, NULL, '2020-03-17 06:49:57', '2020-03-17 06:49:57'),
(8, 'Mrs.', 1, 1, 1, NULL, '2020-03-17 06:50:22', '2020-03-17 06:50:22');

--
-- Dumping data for table `inclusions`
--

INSERT INTO `inclusions` (`id`, `description`, `details`, `is_default_checked`, `is_active`, `created_by`, `updated_by`, `deleted_at`, `created_at`, `updated_at`) VALUES
(1, 'Private Yacht (Beneteau Oceanis 48)', NULL, 1, 1, 5, 5, NULL, '2020-01-20 20:55:21', '2020-01-20 20:55:21'),
(2, 'Your Crew (Skipper and Hostess)', NULL, 1, 1, 5, 5, NULL, '2020-01-20 21:01:01', '2020-01-20 21:01:01'),
(3, 'Early Check-in and Champagne Arrival', NULL, 1, 1, 5, 5, NULL, '2020-01-20 21:01:25', '2020-01-20 21:01:25'),
(4, 'On-board Meals (Breakfast & Lunch)', NULL, 1, 1, 5, 5, NULL, '2020-01-20 21:01:50', '2020-01-20 21:01:50'),
(5, 'One Way Fee', NULL, 1, 1, 5, 5, NULL, '2020-01-20 21:02:28', '2020-01-20 21:02:28'),
(6, 'Fuel', 'Up to €150 for Croatia\nUp to €200 for Greece', 1, 1, 5, 5, NULL, '2020-01-20 21:04:25', '2020-01-20 21:04:25'),
(7, 'Marina Fees (Circa €600 per Week)', NULL, 1, 1, 5, 5, NULL, '2020-01-20 21:04:47', '2020-01-20 21:04:47'),
(8, 'Water, Taxes, WiFi (4G unlimited data)', NULL, 1, 1, 5, 5, NULL, '2020-01-20 21:04:57', '2020-01-20 21:04:57'),
(9, 'Final Cleaning Fee', NULL, 1, 1, 5, 5, NULL, '2020-01-20 21:05:13', '2020-01-20 21:05:13'),
(10, 'NO ‘departure taxes’', NULL, 1, 1, 5, 5, NULL, '2020-01-20 21:05:25', '2020-01-20 21:05:25');

--
-- Dumping data for table `itineraries`
--

INSERT INTO `itineraries` (`id`, `itinerary_brand_id`, `itinerary_country_id`, `disclaimer`, `check_in_date`, `check_in_time`, `check_out_date`, `check_out_time`, `city_id_from`, `city_id_to`, `city_port_id_from`, `city_port_id_to`, `is_locked_to_ambassador`, `ambassador_id`, `is_shared_offered`, `is_private_offered`, `is_double_offered`, `is_referral_active`, `referral_price`, `is_early_bird_active`, `early_bird_cut_off_date`, `boat_id`, `is_private_charter_active`, `private_charter_price`, `deposit_per_person`, `is_displayed`, `is_cabin_same_price`, `price_per_person`, `cabin_price`, `early_bird_price`, `cabin_early_bird_price`, `is_cancelled`, `is_active`, `created_by`, `updated_by`, `deleted_at`, `created_at`, `updated_at`) VALUES
(1, 1, 1, NULL, '2020-05-30', '13:00:00', '2020-06-06', '08:00:00', 1, 3, 1, 3, 0, 2, 1, 1, 1, 1, '50.00', 0, NULL, 1, 0, '0.00', '400.00', 1, 1, '1490.00', '2905.00', '0.00', '0.00', 0, 1, 1, 1, NULL, '2020-03-03 05:45:13', '2020-04-17 07:15:54'),
(2, 2, 1, '', '2020-06-13', '13:00:00', '2020-06-20', '08:00:00', 1, 3, 1, 3, 0, NULL, 1, 1, 1, 1, '50.00', 0, '2020-03-31', 2, 1, '6960.00', '400.00', 1, 1, '0.00', '0.00', '0.00', '0.00', 0, 1, 1, 1, NULL, '2020-03-03 05:58:30', '2020-03-03 07:36:17'),
(3, 1, 1, NULL, '2020-06-06', '13:00:00', '2020-06-13', '08:00:00', 3, 1, 3, 1, 0, 6, 1, 1, 1, 1, '50.00', 0, NULL, 2, 0, '0.00', '400.00', 1, 1, '1490.00', '2905.00', '0.00', '0.00', 0, 1, 1, 1, NULL, '2020-03-03 07:31:39', '2020-03-10 07:37:21'),
(4, 2, 1, '', '2020-06-20', '13:00:00', '2020-06-27', '08:00:00', 3, 1, 3, 1, 0, NULL, 1, 1, 1, 1, '50.00', 0, NULL, 1, 1, '6960.00', '400.00', 1, 1, '0.00', '0.00', '0.00', '0.00', 0, 1, 1, 1, NULL, '2020-03-03 07:35:53', '2020-03-03 07:35:53'),
(5, 1, 1, NULL, '2020-06-13', '13:00:00', '2020-06-20', '08:00:00', 1, 3, 1, 3, 0, 7, 1, 1, 1, 1, '50.00', 0, NULL, 2, 0, '0.00', '400.00', 1, 1, '1490.00', '2905.00', '0.00', '0.00', 0, 1, 1, 1, NULL, '2020-03-03 07:36:05', '2020-03-10 07:38:10'),
(6, 2, 1, '', '2020-07-11', '13:00:00', '2020-07-18', '08:00:00', 1, 3, 1, 3, 0, NULL, 1, 1, 1, 1, '50.00', 0, NULL, 1, 1, '6960.00', '400.00', 1, 1, '0.00', '0.00', '0.00', '0.00', 0, 1, 1, 1, NULL, '2020-03-03 07:37:53', '2020-03-03 07:51:31'),
(7, 2, 1, '', '2020-07-18', '13:00:00', '2020-07-25', '08:00:00', 3, 1, 3, 1, 0, NULL, 1, 1, 1, 1, '50.00', 0, NULL, 1, 1, '6960.00', '400.00', 1, 1, '0.00', '0.00', '0.00', '0.00', 0, 1, 1, 1, NULL, '2020-03-03 07:49:44', '2020-03-03 07:51:13'),
(8, 1, 1, NULL, '2020-06-20', '13:00:00', '2020-06-27', '08:00:00', 3, 1, 3, 1, 0, 10, 1, 1, 1, 1, '50.00', 0, NULL, 2, 0, '0.00', '400.00', 1, 1, '1490.00', '2905.00', '0.00', '0.00', 0, 1, 1, 1, NULL, '2020-03-03 07:51:42', '2020-03-10 07:38:36'),
(9, 2, 1, '', '2020-08-01', '13:00:00', '2020-08-08', '08:00:00', 3, 1, 3, 1, 0, NULL, 1, 1, 1, 1, '50.00', 0, NULL, 1, 1, '6960.00', '400.00', 1, 1, '0.00', '0.00', '0.00', '0.00', 0, 1, 1, 1, NULL, '2020-03-03 07:52:37', '2020-03-03 07:58:46'),
(10, 2, 1, '', '2020-08-08', '13:00:00', '2020-08-15', '08:00:00', 1, 3, 1, 3, 0, NULL, 1, 1, 1, 1, '50.00', 0, NULL, 1, 1, '6960.00', '400.00', 1, 1, '0.00', '0.00', '0.00', '0.00', 0, 1, 1, 1, NULL, '2020-03-03 07:53:01', '2020-03-03 08:00:07'),
(11, 2, 1, '', '2020-08-22', '13:00:00', '2020-08-29', '08:00:00', 1, 3, 1, 3, 0, NULL, 1, 1, 1, 1, '50.00', 0, NULL, 1, 1, '6960.00', '400.00', 1, 1, '0.00', '0.00', '0.00', '0.00', 0, 1, 1, 1, NULL, '2020-03-03 07:54:31', '2020-03-03 08:01:30'),
(12, 1, 1, NULL, '2020-06-27', '13:00:00', '2020-07-04', '08:00:00', 1, 3, 1, 3, 0, 37, 1, 1, 1, 1, '50.00', 0, NULL, 1, 0, '0.00', '400.00', 1, 1, '1490.00', '2905.00', '0.00', '0.00', 0, 1, 1, 1, NULL, '2020-03-03 07:56:14', '2020-03-10 07:42:29'),
(13, 2, 1, 'DISCLAIMER: For mono hulls (Oceanis 48), please take note that cabin type requests are not guaranteed and is subject to change depending on the situation /availability.', '2020-09-05', '13:00:00', '2020-09-12', '08:00:00', 1, 3, 1, 3, 0, NULL, 1, 1, 1, 1, '50.00', 0, NULL, 1, 1, '7960.00', '400.00', 1, 1, '1120.00', '2165.00', '0.00', '0.00', 0, 1, 1, 1, NULL, '2020-03-03 08:02:28', '2020-03-05 08:25:31'),
(14, 2, 1, '', '2020-09-19', '13:00:00', '2020-09-26', '08:00:00', 1, 1, 1, 1, 0, NULL, 1, 1, 1, 1, '50.00', 0, NULL, 1, 1, '6960.00', '400.00', 1, 1, '0.00', '0.00', '0.00', '0.00', 0, 1, 1, 1, NULL, '2020-03-03 08:05:56', '2020-03-03 08:11:12'),
(15, 1, 1, NULL, '2020-07-04', '13:00:00', '2020-07-11', '08:00:00', 3, 1, 3, 1, 0, 9, 1, 1, 1, 1, '50.00', 0, NULL, 2, 0, '0.00', '400.00', 1, 1, '1490.00', '2905.00', '0.00', '0.00', 0, 1, 1, 1, NULL, '2020-03-03 08:07:05', '2020-03-10 07:42:59'),
(16, 1, 1, NULL, '2020-07-11', '13:00:00', '2020-07-18', '08:00:00', 1, 3, 1, 3, 0, 16, 1, 1, 1, 1, '50.00', 0, NULL, 2, 0, '0.00', '400.00', 1, 1, '1490.00', '2905.00', '0.00', '0.00', 0, 1, 1, 1, NULL, '2020-03-03 08:14:30', '2020-03-10 07:43:26'),
(18, 2, 1, '', '2020-05-30', '13:00:00', '2020-06-06', '08:00:00', 1, 3, 1, 3, 0, NULL, 1, 1, 1, 1, '50.00', 0, NULL, 2, 1, '6960.00', '0.00', 1, 1, '0.00', '0.00', '0.00', '0.00', 0, 1, 1, 1, NULL, '2020-03-04 04:43:35', '2020-03-04 04:43:35'),
(19, 2, 1, '', '2020-06-06', '13:00:00', '2020-06-13', '08:00:00', 3, 1, 3, 1, 0, NULL, 1, 1, 1, 1, '50.00', 0, NULL, 2, 1, '6960.00', '0.00', 1, 1, '0.00', '0.00', '0.00', '0.00', 0, 1, 1, 1, NULL, '2020-03-04 04:49:53', '2020-03-04 04:57:25'),
(24, 1, 1, '', '2020-07-18', '13:00:00', '2020-07-25', '08:00:00', 3, 1, 3, 1, 0, NULL, 1, 1, 1, 0, '0.00', 0, NULL, 1, 1, '8760.00', '2000.00', 1, 1, '0.00', '0.00', '0.00', '0.00', 0, 1, 1, 1, NULL, '2020-03-04 05:00:54', '2020-03-04 05:00:54'),
(25, 1, 1, NULL, '2020-07-25', '13:00:00', '2020-08-01', '08:00:00', 1, 3, 1, 3, 0, 19, 1, 1, 1, 1, '50.00', 0, NULL, 4, 0, '0.00', '400.00', 0, 1, '1490.00', '2905.00', '0.00', '0.00', 0, 1, 1, 1, NULL, '2020-03-04 07:45:25', '2020-03-16 04:37:01'),
(26, 2, 1, '', '2020-06-27', '13:00:00', '2020-07-04', '08:00:00', 1, 3, 1, 3, 0, NULL, 1, 1, 1, 0, '50.00', 0, NULL, 1, 0, '6960.00', '0.00', 1, 1, '0.00', '0.00', '0.00', '0.00', 0, 1, 1, 1, NULL, '2020-03-04 08:02:15', '2020-03-04 08:08:50'),
(27, 1, 1, NULL, '2020-08-08', '13:00:00', '2020-08-15', '08:00:00', 1, 3, 1, 3, 0, 38, 1, 1, 1, 1, '50.00', 0, NULL, 2, 0, '0.00', '400.00', 1, 1, '1490.00', '2905.00', '0.00', '0.00', 0, 1, 1, 1, NULL, '2020-03-04 08:03:11', '2020-03-10 07:44:26'),
(28, 2, 1, '', '2020-07-04', '13:00:00', '2020-07-11', '08:00:00', 3, 1, 3, 1, 0, NULL, 1, 1, 1, 0, '50.00', 0, NULL, 2, 0, '6960.00', '2000.00', 1, 1, '0.00', '0.00', '0.00', '0.00', 0, 1, 1, 1, NULL, '2020-03-04 08:09:32', '2020-03-04 08:13:06'),
(29, 2, 1, '', '2020-07-25', '13:00:00', '2020-08-01', '08:00:00', 1, 3, 1, 3, 0, NULL, 1, 1, 1, 0, '50.00', 0, NULL, 2, 0, '6960.00', '2000.00', 1, 1, '0.00', '0.00', '0.00', '0.00', 0, 1, 1, 1, NULL, '2020-03-04 08:14:02', '2020-03-04 08:15:54'),
(30, 3, 1, 'DISCLAIMER: For mono hulls (Oceanis 48), please take note that cabin type requests are not guaranteed and is subject to change depending on the situation /availability', '2020-09-12', '13:00:00', '2020-09-19', '08:00:00', 3, 1, 3, 1, 0, NULL, 1, 1, 1, 1, '50.00', 0, NULL, 1, 1, '7960.00', '400.00', 1, 1, '1390.00', '2705.00', '0.00', '0.00', 0, 1, 1, 1, NULL, '2020-03-04 08:19:36', '2020-03-05 08:30:08'),
(31, 1, 1, NULL, '2020-08-08', '13:00:00', '2020-08-15', '08:00:00', 1, 3, 1, 3, 0, NULL, 1, 1, 1, 1, '50.00', 0, NULL, 1, 0, '0.00', '400.00', 1, 1, '1490.00', '2905.00', '0.00', '0.00', 0, 1, 1, 1, NULL, '2020-03-04 08:41:33', '2020-03-10 07:45:17'),
(32, 1, 1, NULL, '2020-08-22', '13:00:00', '2020-08-29', '08:00:00', 1, 3, 1, 3, 0, 27, 1, 1, 1, 1, '50.00', 0, NULL, 1, 0, '0.00', '400.00', 1, 1, '1490.00', '2905.00', '0.00', '0.00', 0, 1, 1, 1, NULL, '2020-03-04 08:47:03', '2020-03-10 07:45:41'),
(33, 1, 1, NULL, '2020-08-29', '13:00:00', '2020-09-05', '08:00:00', 3, 1, 3, 1, 0, 39, 1, 1, 1, 1, '50.00', 1, '2020-04-04', 1, 0, '0.00', '400.00', 0, 1, '1490.00', '2905.00', '1440.00', '2805.00', 0, 1, 1, 1, NULL, '2020-03-05 01:25:42', '2020-03-11 02:15:42'),
(34, 1, 1, '', '2020-08-29', '13:00:00', '2020-09-05', '08:00:00', 3, 1, 3, 1, 0, 31, 1, 1, 1, 1, '50.00', 0, NULL, 2, 0, '0.00', '400.00', 1, 1, '0.00', '0.00', '0.00', '0.00', 0, 1, 1, 1, NULL, '2020-03-05 03:32:55', '2020-03-05 03:34:22'),
(35, 1, 1, '', '2020-09-12', '13:00:00', '2020-09-19', '08:00:00', 3, 1, 3, 1, 0, 34, 1, 1, 1, 1, '50.00', 0, NULL, 2, 0, '0.00', '400.00', 1, 1, '0.00', '0.00', '0.00', '0.00', 0, 1, 1, 1, NULL, '2020-03-05 03:39:16', '2020-03-05 03:41:08'),
(36, 1, 1, '', '2020-09-12', '13:00:00', '2020-09-19', '08:00:00', 3, 1, 3, 1, 0, 41, 1, 1, 1, 1, '50.00', 0, NULL, 2, 0, '0.00', '400.00', 1, 1, '0.00', '0.00', '0.00', '0.00', 0, 1, 1, 1, NULL, '2020-03-05 03:43:41', '2020-03-05 03:44:53'),
(37, 1, 1, '', '2020-09-19', '13:00:00', '2020-09-26', '08:00:00', 1, 1, 1, 1, 0, NULL, 1, 1, 1, 1, '50.00', 0, NULL, 2, 0, '0.00', '400.00', 1, 1, '0.00', '0.00', '0.00', '0.00', 0, 1, 1, 1, NULL, '2020-03-05 03:46:33', '2020-03-05 03:51:49'),
(38, 1, 1, '', '2020-09-19', '13:00:00', '2020-09-26', '08:00:00', 1, 1, 1, 1, 0, 41, 1, 1, 1, 1, '50.00', 0, NULL, 1, 0, '0.00', '400.00', 1, 1, '0.00', '0.00', '0.00', '0.00', 0, 1, 1, 1, NULL, '2020-03-05 03:55:25', '2020-03-05 03:58:01'),
(39, 3, 1, '', '2020-06-06', '13:00:00', '2020-06-13', '08:00:00', 3, 1, 3, 1, 0, 5, 1, 1, 1, 1, '50.00', 0, NULL, 1, 1, '9960.00', '400.00', 1, 1, '0.00', '0.00', '0.00', '0.00', 0, 1, 1, 1, NULL, '2020-03-05 04:52:05', '2020-03-05 04:52:05'),
(40, 3, 1, '', '2020-06-20', '13:00:00', '2020-06-27', '08:00:00', 3, 1, 3, 1, 0, NULL, 1, 1, 1, 1, '50.00', 0, NULL, 1, 1, '9960.00', '400.00', 1, 1, '0.00', '0.00', '0.00', '0.00', 0, 1, 1, 1, NULL, '2020-03-05 04:53:37', '2020-03-05 04:58:09'),
(41, 3, 1, '', '2020-06-27', '13:00:00', '2020-07-04', '08:00:00', 1, 3, 1, 3, 0, NULL, 1, 1, 1, 1, '50.00', 0, NULL, 1, 1, '9960.00', '400.00', 1, 1, '0.00', '0.00', '0.00', '0.00', 0, 1, 1, 1, NULL, '2020-03-05 04:58:31', '2020-03-05 04:59:41'),
(42, 3, 1, '', '2020-07-04', '13:00:00', '2020-07-11', '08:00:00', 3, 1, 3, 1, 0, NULL, 1, 1, 1, 1, '50.00', 0, NULL, 1, 1, '9960.00', '400.00', 1, 1, '0.00', '0.00', '0.00', '0.00', 0, 1, 1, 1, NULL, '2020-03-05 05:00:07', '2020-03-05 05:01:57'),
(43, 3, 1, NULL, '2020-07-25', '13:00:00', '2020-08-01', '08:00:00', 1, 3, 1, 3, 0, NULL, 1, 1, 1, 1, '50.00', 0, NULL, 1, 1, '9960.00', '400.00', 1, 1, '1390.00', '2705.00', '0.00', '0.00', 0, 1, 1, 1, NULL, '2020-03-05 05:02:56', '2020-03-05 08:20:22'),
(44, 3, 1, '', '2020-08-01', '13:00:00', '2020-08-08', '08:00:00', 3, 1, 3, 1, 0, 21, 1, 1, 1, 1, '50.00', 0, NULL, 1, 0, '9960.00', '400.00', 1, 1, '1390.00', '2705.00', '0.00', '0.00', 0, 1, 1, 1, NULL, '2020-03-05 05:05:18', '2020-03-05 07:16:27'),
(45, 3, 1, '', '2020-08-01', '13:00:00', '2020-08-08', '08:00:00', 3, 1, 3, 1, 0, 21, 1, 1, 1, 1, '50.00', 0, NULL, 1, 0, '9960.00', '400.00', 1, 1, '1390.00', '2705.00', '0.00', '0.00', 0, 1, 1, 1, NULL, '2020-03-05 07:10:04', '2020-03-05 07:16:59'),
(46, 3, 1, '', '2020-08-15', '13:00:00', '2020-08-22', '08:00:00', 3, 1, 3, 1, 0, 24, 1, 1, 1, 1, '50.00', 0, NULL, 1, 0, '9960.00', '400.00', 1, 1, '1390.00', '2705.00', '0.00', '0.00', 0, 1, 1, 1, NULL, '2020-03-05 07:12:43', '2020-03-05 07:15:44'),
(47, 3, 1, '', '2020-08-15', '13:00:00', '2020-08-22', '08:00:00', 3, 1, 3, 1, 0, 24, 1, 1, 1, 1, '50.00', 0, NULL, 1, 0, '9960.00', '400.00', 1, 1, '1390.00', '2705.00', '0.00', '0.00', 0, 1, 1, 1, NULL, '2020-03-05 07:17:50', '2020-03-05 07:17:50'),
(48, 3, 1, '', '2020-08-15', '13:00:00', '2020-08-22', '08:00:00', 3, 1, 3, 1, 0, 24, 1, 1, 1, 1, '50.00', 0, NULL, 1, 0, '9960.00', '400.00', 1, 1, '1390.00', '2705.00', '0.00', '0.00', 0, 1, 1, 1, NULL, '2020-03-05 07:19:30', '2020-03-05 07:19:30'),
(49, 3, 1, NULL, '2020-08-22', '13:00:00', '2020-08-29', '08:00:00', 1, 3, 1, 3, 0, NULL, 1, 1, 1, 1, '50.00', 0, NULL, 1, 1, '9960.00', '400.00', 1, 1, '1390.00', '2705.00', NULL, NULL, 0, 1, 1, 1, NULL, '2020-03-05 07:48:25', '2020-03-05 07:48:25'),
(50, 3, 1, 'DISCLAIMER: For mono hulls (Oceanis 48), please take note that cabin type requests are not guaranteed and is subject to change depending on the situation /availability', '2020-09-05', '13:00:00', '2020-09-12', '08:00:00', 3, 1, 3, 1, 0, NULL, 1, 1, 1, 1, '50.00', 0, NULL, 1, 1, '9960.00', '400.00', 1, 1, '1390.00', '2705.00', '0.00', '0.00', 0, 1, 1, 1, NULL, '2020-03-05 08:19:37', '2020-03-05 08:21:48');

--
-- Dumping data for table `itinerary_add_ons`
--

INSERT INTO `itinerary_add_ons` (`id`, `itinerary_id`, `add_on_id`, `price`, `available_qty`) VALUES
(1, 1, 1, '150.00', 1),
(2, 2, 1, '150.00', 1),
(4, 4, 1, '150.00', 1),
(5, 5, 1, '150.00', 1),
(7, 6, 1, '150.00', 1),
(8, 7, 1, '150.00', 1),
(9, 8, 1, '150.00', 1),
(10, 9, 1, '150.00', 1),
(11, 10, 1, '150.00', 1),
(12, 11, 1, '150.00', 1),
(13, 12, 1, '150.00', 1),
(14, 13, 1, '150.00', 1),
(15, 14, 1, '150.00', 1),
(16, 15, 1, '150.00', 1),
(17, 16, 1, '150.00', 1),
(19, 18, 1, '150.00', 1),
(20, 19, 1, '150.00', 1),
(25, 24, 1, '150.00', 1),
(26, 25, 1, '150.00', 1),
(27, 26, 1, '150.00', 1),
(28, 27, 1, '150.00', 1),
(29, 28, 1, '150.00', 1),
(30, 29, 1, '150.00', 1),
(31, 30, 1, '150.00', 1),
(32, 31, 1, '150.00', 1),
(33, 32, 1, '150.00', 1),
(34, 33, 1, '150.00', 1),
(35, 34, 1, '150.00', 1),
(36, 35, 1, '150.00', 1),
(37, 36, 1, '150.00', 1),
(38, 37, 1, '150.00', 1),
(39, 38, 1, '150.00', 1),
(40, 39, 1, '150.00', 1),
(41, 39, 2, '150.00', 1),
(42, 40, 1, '150.00', 1),
(43, 40, 2, '150.00', 1),
(44, 41, 1, '150.00', 1),
(45, 41, 2, '150.00', 1),
(46, 42, 1, '150.00', 1),
(47, 42, 2, '150.00', 1),
(48, 43, 1, '150.00', 1),
(50, 44, 1, '150.00', 1),
(52, 45, 1, '150.00', 1),
(53, 46, 1, '150.00', 1),
(54, 47, 1, '150.00', 1),
(55, 48, 1, '150.00', 1),
(56, 49, 1, '150.00', 1),
(57, 50, 1, '150.00', 1),
(58, 3, 1, '150.00', 1);

--
-- Dumping data for table `itinerary_brands`
--

INSERT INTO `itinerary_brands` (`id`, `slug`, `description`, `details`, `color`, `is_ambassador_required`, `is_active`, `created_by`, `updated_by`, `deleted_at`, `created_at`, `updated_at`) VALUES
(1, 'yogasailingholidays', 'Yoga Sailing Holidays', 'Yoga Sailing Holidays is exactly that, we provide a yoga retreat on a sailing holiday in Croatia. While you sail Croatia, we also include a yoga instructor on your sailing holiday to give you a European yoga retreat style experience with daily yoga in the most beautiful locations and evening meditation.', '#ff8000', 1, 1, 5, 5, NULL, '2020-01-20 18:28:05', '2020-01-20 18:28:05'),
(2, 'medsailingholidays', 'Med Sailing Holidays', 'Sail the week down the Dalmatian coastline, we stop in secluded bays for your afternoon swim break and lunch.  You will get to explore the hidden gems that are only accessible by boat.', '#00ff40', 1, 1, 1, 1, NULL, '2020-01-20 18:28:11', '2020-01-20 18:29:23'),
(3, 'pridesailingholidays', 'Pride Sailing Holidays', 'Pride Sailing are brand of the Med Sailing Holidays group, who offer niche island hopping / sailing holiday experiences.', '#0080ff', 1, 1, 1, 1, NULL, '2020-01-20 18:30:43', '2020-01-20 18:30:43'),
(4, 'wineweek', 'Wine Week', 'You will spend 7 days island-hopping across the stunning Dalmatian coastline on one of our fully crewed sailing yachts, with skipper and hostess to make sure your Croatian sailing holiday is as smooth as a Cabernet Sauvignon. Our Croatian sailing itinerary runs from Split to Dubrovnik and includes the best destinations that Croatia has to offer, including Croatia\'s National Park Mljet, the fortified town of Korčula and one of the most captivating islands, Vis. There are plenty of hidden gems on the journey and we promise, the trip will be like nothing you’ve ever done before!', '#ffff00', 1, 1, 5, 5, NULL, '2020-01-20 18:31:08', '2020-01-20 18:31:08'),
(5, 'fitnessweek', 'Fitness Week', 'Sail Croatia and incorporate fitness activities such as TRX and cross-fit routines in your island-hopping adventure for a truly one of a kind sailing holiday in Croatia.', '#8080ff', 1, 1, 1, 1, NULL, '2020-01-20 18:32:54', '2020-01-20 18:32:54'),
(6, 'diveweek', 'Dive Week', '\'Dive Week\' is a wonderful blend of sailing, swimming, leisure time and diving in the most beautiful waters in the world.  For the divers among us, there\'s no better way to unwind, explore beautiful islands and do what we love; exploring the underwater.', '#ec0ef1', 1, 1, 5, 5, NULL, '2020-01-20 18:32:57', '2020-01-20 18:32:57');

--
-- Dumping data for table `itinerary_cabins`
--

INSERT INTO `itinerary_cabins` (`id`, `boat_cabin_id`, `itinerary_id`, `ambassador_allocation`, `price_per_person`, `cabin_price`, `early_bird_price`, `cabin_early_bird_price`) VALUES
(1, 1, 1, 2, '1490.00', '2905.00', '0.00', '0.00'),
(2, 2, 1, 2, '1490.00', '2905.00', '0.00', '0.00'),
(3, 3, 1, 1, '1490.00', '2905.00', '0.00', '0.00'),
(4, 4, 1, 0, '1490.00', '2905.00', '0.00', '0.00'),
(5, 5, 2, 0, '1120.00', '2170.00', NULL, NULL),
(6, 6, 2, 2, '1120.00', '2170.00', NULL, NULL),
(7, 7, 2, 1, '1120.00', '2170.00', NULL, NULL),
(8, 8, 2, 2, '1120.00', '2170.00', NULL, NULL),
(9, 5, 3, 1, '1490.00', '2905.00', '0.00', '0.00'),
(10, 6, 3, 0, '1490.00', '2905.00', '0.00', '0.00'),
(11, 7, 3, 0, '1490.00', '2905.00', '0.00', '0.00'),
(12, 8, 3, 0, '1490.00', '2905.00', '0.00', '0.00'),
(13, 1, 4, 0, '1120.00', '2170.00', NULL, NULL),
(14, 2, 4, 0, '1120.00', '2170.00', NULL, NULL),
(15, 3, 4, 0, '1120.00', '2170.00', NULL, NULL),
(16, 4, 4, 0, '1120.00', '2170.00', NULL, NULL),
(17, 5, 5, 2, '1490.00', '2905.00', '0.00', '0.00'),
(18, 6, 5, 2, '1490.00', '2905.00', '0.00', '0.00'),
(19, 7, 5, 0, '1490.00', '2905.00', '0.00', '0.00'),
(20, 8, 5, 0, '1490.00', '2905.00', '0.00', '0.00'),
(21, 1, 6, 0, '1120.00', '2170.00', NULL, NULL),
(22, 2, 6, 0, '1120.00', '2170.00', NULL, NULL),
(23, 3, 6, 0, '1120.00', '2170.00', NULL, NULL),
(24, 4, 6, 0, '1120.00', '2170.00', NULL, NULL),
(25, 1, 7, 0, '1120.00', '2170.00', NULL, NULL),
(26, 2, 7, 0, '1120.00', '2170.00', NULL, NULL),
(27, 3, 7, 0, '1120.00', '2170.00', NULL, NULL),
(28, 4, 7, 0, '1120.00', '2170.00', NULL, NULL),
(29, 5, 8, 2, '1490.00', '2905.00', '0.00', '0.00'),
(30, 6, 8, 1, '1490.00', '2905.00', '0.00', '0.00'),
(31, 7, 8, 0, '1490.00', '2905.00', '0.00', '0.00'),
(32, 8, 8, 0, '1490.00', '2905.00', '0.00', '0.00'),
(33, 1, 9, 0, '1120.00', '2170.00', NULL, NULL),
(34, 2, 9, 0, '1120.00', '2170.00', NULL, NULL),
(35, 3, 9, 2, '1120.00', '2170.00', NULL, NULL),
(36, 4, 9, 0, '1120.00', '2170.00', NULL, NULL),
(37, 1, 10, 0, '1120.00', '2170.00', NULL, NULL),
(38, 2, 10, 0, '1120.00', '2170.00', NULL, NULL),
(39, 3, 10, 0, '1120.00', '2170.00', NULL, NULL),
(40, 4, 10, 0, '1120.00', '2170.00', NULL, NULL),
(41, 1, 11, 0, '1120.00', '2170.00', NULL, NULL),
(42, 2, 11, 0, '1120.00', '2170.00', NULL, NULL),
(43, 3, 11, 0, '1120.00', '2170.00', NULL, NULL),
(44, 4, 11, 0, '1120.00', '2170.00', NULL, NULL),
(49, 1, 12, 2, '1490.00', '2905.00', '0.00', '0.00'),
(50, 2, 12, 2, '1490.00', '2905.00', '0.00', '0.00'),
(51, 3, 12, 2, '1490.00', '2905.00', '0.00', '0.00'),
(52, 4, 12, 0, '1490.00', '2905.00', '0.00', '0.00'),
(53, 1, 13, 2, '1120.00', '2165.00', '0.00', '0.00'),
(54, 2, 13, 2, '1120.00', '2165.00', '0.00', '0.00'),
(55, 3, 13, 2, '1120.00', '2165.00', '0.00', '0.00'),
(56, 4, 13, 2, '1120.00', '2165.00', '0.00', '0.00'),
(57, 1, 14, 0, '1120.00', '2170.00', NULL, NULL),
(58, 2, 14, 0, '1120.00', '2170.00', NULL, NULL),
(59, 3, 14, 0, '1120.00', '2170.00', NULL, NULL),
(60, 4, 14, 0, '1120.00', '2170.00', NULL, NULL),
(61, 5, 15, 1, '1490.00', '2905.00', '0.00', '0.00'),
(62, 6, 15, 1, '1490.00', '2905.00', '0.00', '0.00'),
(63, 7, 15, 0, '1490.00', '2905.00', '0.00', '0.00'),
(64, 8, 15, 0, '1490.00', '2905.00', '0.00', '0.00'),
(65, 5, 16, 2, '1490.00', '2905.00', '0.00', '0.00'),
(66, 6, 16, 2, '1490.00', '2905.00', '0.00', '0.00'),
(67, 7, 16, 1, '1490.00', '2905.00', '0.00', '0.00'),
(68, 8, 16, 0, '1490.00', '2905.00', '0.00', '0.00'),
(69, 5, 18, 0, '1120.00', '2170.00', NULL, NULL),
(70, 6, 18, 0, '1120.00', '2170.00', NULL, NULL),
(71, 7, 18, 0, '1120.00', '2170.00', NULL, NULL),
(72, 8, 18, 0, '1120.00', '2170.00', NULL, NULL),
(73, 5, 19, 0, '1120.00', '2170.00', NULL, NULL),
(74, 6, 19, 0, '1120.00', '2170.00', NULL, NULL),
(75, 7, 19, 0, '1120.00', '2170.00', NULL, NULL),
(76, 8, 19, 0, '1120.00', '2170.00', NULL, NULL),
(77, 1, 24, 2, '0.00', '0.00', NULL, NULL),
(78, 2, 24, 2, '0.00', '0.00', NULL, NULL),
(79, 3, 24, 2, '0.00', '0.00', NULL, NULL),
(80, 4, 24, 2, '0.00', '0.00', NULL, NULL),
(81, 13, 25, 1, '1490.00', '2905.00', '0.00', '0.00'),
(82, 14, 25, 0, '1490.00', '2905.00', '0.00', '0.00'),
(83, 15, 25, 2, '1490.00', '2905.00', '0.00', '0.00'),
(84, 16, 25, 2, '1490.00', '2905.00', '0.00', '0.00'),
(89, 5, 27, 2, '1490.00', '2905.00', '0.00', '0.00'),
(90, 6, 27, 2, '1490.00', '2905.00', '0.00', '0.00'),
(91, 7, 27, 2, '1490.00', '2905.00', '0.00', '0.00'),
(92, 8, 27, 1, '1490.00', '2905.00', '0.00', '0.00'),
(93, 1, 26, 2, '1120.00', '2170.00', NULL, NULL),
(94, 2, 26, 2, '1120.00', '2170.00', NULL, NULL),
(95, 3, 26, 2, '1120.00', '2170.00', NULL, NULL),
(96, 4, 26, 2, '1120.00', '2170.00', NULL, NULL),
(101, 5, 28, 2, '1120.00', '2170.00', NULL, NULL),
(102, 6, 28, 2, '1120.00', '2170.00', NULL, NULL),
(103, 7, 28, 2, '1120.00', '2170.00', NULL, NULL),
(104, 8, 28, 2, '1120.00', '2170.00', NULL, NULL),
(105, 5, 29, 2, '1120.00', '2170.00', NULL, NULL),
(106, 6, 29, 2, '1120.00', '2170.00', NULL, NULL),
(107, 7, 29, 2, '1120.00', '2170.00', NULL, NULL),
(108, 8, 29, 2, '1120.00', '2170.00', NULL, NULL),
(109, 1, 30, 0, '1390.00', '2705.00', '0.00', '0.00'),
(110, 2, 30, 0, '1390.00', '2705.00', '0.00', '0.00'),
(111, 3, 30, 0, '1390.00', '2705.00', '0.00', '0.00'),
(112, 4, 30, 0, '1390.00', '2705.00', '0.00', '0.00'),
(113, 1, 31, 1, '1490.00', '2905.00', '0.00', '0.00'),
(114, 2, 31, 0, '1490.00', '2905.00', '0.00', '0.00'),
(115, 3, 31, 0, '1490.00', '2905.00', '0.00', '0.00'),
(116, 4, 31, 0, '1490.00', '2905.00', '0.00', '0.00'),
(117, 1, 32, 1, '1490.00', '2905.00', '0.00', '0.00'),
(118, 2, 32, 2, '1490.00', '2905.00', '0.00', '0.00'),
(119, 3, 32, 0, '1490.00', '2905.00', '0.00', '0.00'),
(120, 4, 32, 1, '1490.00', '2905.00', '0.00', '0.00'),
(121, 1, 33, 0, '1490.00', '2905.00', '1440.00', '2805.00'),
(122, 2, 33, 0, '1490.00', '2905.00', '1440.00', '2805.00'),
(123, 3, 33, 0, '1490.00', '2905.00', '1440.00', '2805.00'),
(124, 4, 33, 1, '1490.00', '2905.00', '1440.00', '2805.00'),
(129, 5, 34, 0, '1490.00', '2905.00', NULL, NULL),
(130, 6, 34, 0, '1490.00', '2905.00', NULL, NULL),
(131, 7, 34, 0, '1490.00', '2905.00', NULL, NULL),
(132, 8, 34, 1, '1490.00', '2905.00', NULL, NULL),
(133, 5, 35, 0, '1490.00', '2905.00', NULL, NULL),
(134, 6, 35, 0, '1490.00', '2905.00', NULL, NULL),
(135, 7, 35, 1, '1490.00', '2905.00', NULL, NULL),
(136, 8, 35, 2, '1490.00', '2905.00', NULL, NULL),
(137, 5, 36, 0, '1490.00', '2905.00', NULL, NULL),
(138, 6, 36, 0, '1490.00', '2905.00', NULL, NULL),
(139, 7, 36, 0, '1490.00', '2905.00', NULL, NULL),
(140, 8, 36, 1, '1490.00', '2905.00', NULL, NULL),
(145, 5, 37, 2, '1490.00', '2905.00', NULL, NULL),
(146, 6, 37, 2, '1490.00', '2905.00', NULL, NULL),
(147, 7, 37, 0, '1490.00', '2905.00', NULL, NULL),
(148, 8, 37, 1, '1490.00', '2905.00', NULL, NULL),
(153, 1, 38, 0, '1490.00', '2905.00', NULL, NULL),
(154, 2, 38, 0, '1490.00', '2905.00', NULL, NULL),
(155, 3, 38, 0, '1490.00', '2905.00', NULL, NULL),
(156, 4, 38, 1, '1490.00', '2905.00', NULL, NULL),
(157, 1, 39, 0, '1390.00', '2780.00', NULL, NULL),
(158, 2, 39, 0, '1390.00', '2780.00', NULL, NULL),
(159, 3, 39, 1, '1390.00', '2780.00', NULL, NULL),
(160, 4, 39, 0, '1390.00', '2780.00', NULL, NULL),
(161, 1, 40, 2, '1390.00', '2780.00', NULL, NULL),
(162, 2, 40, 2, '1390.00', '2780.00', NULL, NULL),
(163, 3, 40, 2, '1390.00', '2780.00', NULL, NULL),
(164, 4, 40, 2, '1390.00', '2780.00', NULL, NULL),
(165, 1, 41, 0, '1390.00', '2780.00', NULL, NULL),
(166, 2, 41, 0, '1390.00', '2780.00', NULL, NULL),
(167, 3, 41, 2, '1390.00', '2780.00', NULL, NULL),
(168, 4, 41, 0, '1390.00', '2780.00', NULL, NULL),
(169, 1, 42, 2, '1390.00', '2780.00', NULL, NULL),
(170, 2, 42, 0, '1390.00', '2780.00', NULL, NULL),
(171, 3, 42, 0, '1390.00', '2780.00', NULL, NULL),
(172, 4, 42, 0, '1390.00', '2780.00', NULL, NULL),
(173, 1, 43, 2, '1390.00', '2705.00', '0.00', '0.00'),
(174, 2, 43, 0, '1390.00', '2705.00', '0.00', '0.00'),
(175, 3, 43, 2, '1390.00', '2705.00', '0.00', '0.00'),
(176, 4, 43, 0, '1390.00', '2705.00', '0.00', '0.00'),
(177, 1, 44, 2, '1390.00', '2705.00', '0.00', '0.00'),
(178, 2, 44, 2, '1390.00', '2705.00', '0.00', '0.00'),
(179, 3, 44, 2, '1390.00', '2705.00', '0.00', '0.00'),
(180, 4, 44, 2, '1390.00', '2705.00', '0.00', '0.00'),
(181, 1, 45, 2, '1390.00', '2705.00', '0.00', '0.00'),
(182, 2, 45, 2, '1390.00', '2705.00', '0.00', '0.00'),
(183, 3, 45, 2, '1390.00', '2705.00', '0.00', '0.00'),
(184, 4, 45, 0, '1390.00', '2705.00', '0.00', '0.00'),
(185, 1, 46, 2, '1390.00', '2705.00', '0.00', '0.00'),
(186, 2, 46, 2, '1390.00', '2705.00', '0.00', '0.00'),
(187, 3, 46, 2, '1390.00', '2705.00', '0.00', '0.00'),
(188, 4, 46, 2, '1390.00', '2705.00', '0.00', '0.00'),
(189, 1, 47, 0, '1390.00', '2705.00', '0.00', '0.00'),
(190, 2, 47, 0, '1390.00', '2705.00', '0.00', '0.00'),
(191, 3, 47, 2, '1390.00', '2705.00', '0.00', '0.00'),
(192, 4, 47, 1, '1390.00', '2705.00', '0.00', '0.00'),
(193, 1, 48, 0, '1390.00', '2705.00', '0.00', '0.00'),
(194, 2, 48, 0, '1390.00', '2705.00', '0.00', '0.00'),
(195, 3, 48, 0, '1390.00', '2705.00', '0.00', '0.00'),
(196, 4, 48, 0, '1390.00', '2705.00', '0.00', '0.00'),
(197, 1, 49, 2, '1390.00', '2705.00', NULL, NULL),
(198, 2, 49, 0, '1390.00', '2705.00', NULL, NULL),
(199, 3, 49, 0, '1390.00', '2705.00', NULL, NULL),
(200, 4, 49, 0, '1390.00', '2705.00', NULL, NULL),
(201, 1, 50, 2, '1390.00', '2705.00', '0.00', '0.00'),
(202, 2, 50, 0, '1390.00', '2705.00', '0.00', '0.00'),
(203, 3, 50, 0, '1390.00', '2705.00', '0.00', '0.00'),
(204, 4, 50, 0, '1390.00', '2705.00', '0.00', '0.00');

--
-- Dumping data for table `itinerary_cities`
--

INSERT INTO `itinerary_cities` (`id`, `name`, `is_active`, `created_by`, `updated_by`, `deleted_at`, `created_at`, `updated_at`) VALUES
(1, 'Split', 1, 1, 1, NULL, '2020-01-20 18:37:34', '2020-01-20 18:37:34'),
(2, 'Lefkada', 1, 5, 5, NULL, '2020-01-20 18:37:40', '2020-01-20 18:37:40'),
(3, 'Dubrovnik', 1, 1, 1, NULL, '2020-01-20 18:39:10', '2020-01-20 18:39:10'),
(4, 'Tortola', 1, 1, 1, NULL, '2020-01-20 18:45:16', '2020-01-20 18:45:16'),
(5, 'Athens', 1, 5, 5, NULL, '2020-01-20 18:49:28', '2020-01-20 18:49:28'),
(6, 'Mykonos', 1, 1, 1, NULL, '2020-01-20 19:52:30', '2020-01-20 19:52:30');

--
-- Dumping data for table `itinerary_countries`
--

INSERT INTO `itinerary_countries` (`id`, `slug`, `name`, `is_displayed`, `is_active`, `created_by`, `updated_by`, `deleted_at`, `created_at`, `updated_at`) VALUES
(1, 'croatia', 'Croatia', 1, 1, 1, 1, NULL, '2020-01-20 18:34:21', '2020-01-20 18:34:21'),
(2, 'greece', 'Greece', 1, 1, 5, 1, NULL, '2020-01-20 18:34:35', '2020-03-11 04:28:01'),
(3, 'britishvirginislands', 'British Virgin Islands', 1, 1, 1, 1, NULL, '2020-01-20 18:35:04', '2020-01-20 18:35:04'),
(4, 'thailand', 'Thailand', 0, 1, 5, 5, NULL, '2020-01-20 18:35:24', '2020-01-20 18:35:24'),
(5, 'fiji', 'Fiji', 0, 1, 1, 1, NULL, '2020-01-20 18:35:26', '2020-01-20 18:35:26');

--
-- Dumping data for table `itinerary_country_media`
--

INSERT INTO `itinerary_country_media` (`itinerary_country_id`, `media_id`) VALUES
(1, 54),
(1, 53),
(1, 52),
(2, 57),
(2, 56),
(2, 55),
(3, 58),
(3, 59),
(3, 60);

--
-- Dumping data for table `itinerary_crews`
--

INSERT INTO `itinerary_crews` (`id`, `itinerary_id`, `crew_type_id`, `boat_crew_id`) VALUES
(1, 3, 1, 2),
(2, 3, 2, 1),
(5, 1, 1, 2),
(6, 1, 2, 1);

--
-- Dumping data for table `itinerary_exclusions`
--

INSERT INTO `itinerary_exclusions` (`id`, `itinerary_id`, `exclusion_id`) VALUES
(1, 1, 1),
(2, 1, 2),
(3, 1, 3),
(4, 1, 4),
(5, 1, 5),
(6, 2, 1),
(7, 2, 2),
(8, 2, 3),
(9, 2, 4),
(10, 2, 5),
(11, 3, 1),
(12, 3, 2),
(13, 3, 3),
(14, 3, 4),
(15, 3, 5),
(16, 4, 1),
(17, 4, 2),
(18, 4, 3),
(19, 4, 4),
(20, 4, 5),
(21, 5, 1),
(22, 5, 2),
(23, 5, 3),
(24, 5, 4),
(25, 5, 5),
(26, 6, 1),
(27, 6, 2),
(28, 6, 3),
(29, 6, 4),
(30, 6, 5),
(31, 7, 1),
(32, 7, 2),
(33, 7, 3),
(34, 7, 4),
(35, 7, 5),
(36, 8, 1),
(37, 8, 2),
(38, 8, 3),
(39, 8, 4),
(40, 8, 5),
(41, 9, 1),
(42, 9, 2),
(43, 9, 3),
(44, 9, 4),
(45, 9, 5),
(46, 10, 1),
(47, 10, 2),
(48, 10, 3),
(49, 10, 4),
(50, 10, 5),
(51, 11, 1),
(52, 11, 2),
(53, 11, 3),
(54, 11, 4),
(55, 11, 5),
(56, 12, 1),
(57, 12, 2),
(58, 12, 3),
(59, 12, 4),
(60, 12, 5),
(61, 13, 1),
(62, 13, 2),
(63, 13, 3),
(64, 13, 4),
(65, 13, 5),
(66, 14, 1),
(67, 14, 2),
(68, 14, 3),
(69, 14, 4),
(70, 14, 5),
(71, 15, 1),
(72, 15, 2),
(73, 15, 3),
(74, 15, 4),
(75, 15, 5),
(76, 16, 1),
(77, 16, 2),
(78, 16, 3),
(79, 16, 4),
(80, 16, 5),
(86, 18, 1),
(87, 18, 2),
(88, 18, 3),
(89, 18, 4),
(90, 18, 5),
(91, 19, 1),
(92, 19, 2),
(93, 19, 3),
(94, 19, 4),
(95, 19, 5),
(116, 24, 1),
(117, 24, 2),
(118, 24, 3),
(119, 24, 4),
(120, 24, 5),
(121, 25, 1),
(122, 25, 2),
(123, 25, 3),
(124, 25, 4),
(125, 25, 5),
(126, 26, 1),
(127, 26, 2),
(128, 26, 3),
(129, 26, 4),
(130, 26, 5),
(131, 27, 1),
(132, 27, 2),
(133, 27, 3),
(134, 27, 4),
(135, 27, 5),
(136, 28, 1),
(137, 28, 2),
(138, 28, 3),
(139, 28, 4),
(140, 28, 5),
(141, 29, 1),
(142, 29, 2),
(143, 29, 3),
(144, 29, 4),
(145, 29, 5),
(146, 30, 1),
(147, 30, 2),
(148, 30, 3),
(149, 30, 4),
(150, 30, 5),
(151, 31, 1),
(152, 31, 2),
(153, 31, 3),
(154, 31, 4),
(155, 31, 5),
(156, 32, 1),
(157, 32, 2),
(158, 32, 3),
(159, 32, 4),
(160, 32, 5),
(161, 33, 1),
(162, 33, 2),
(163, 33, 3),
(164, 33, 4),
(165, 33, 5),
(166, 34, 1),
(167, 34, 2),
(168, 34, 3),
(169, 34, 4),
(170, 34, 5),
(171, 35, 1),
(172, 35, 2),
(173, 35, 3),
(174, 35, 4),
(175, 35, 5),
(176, 36, 1),
(177, 36, 2),
(178, 36, 3),
(179, 36, 4),
(180, 36, 5),
(181, 37, 1),
(182, 37, 2),
(183, 37, 3),
(184, 37, 4),
(185, 37, 5),
(186, 38, 1),
(187, 38, 2),
(188, 38, 3),
(189, 38, 4),
(190, 38, 5),
(191, 39, 1),
(192, 39, 2),
(193, 39, 3),
(194, 39, 4),
(195, 39, 5),
(196, 40, 1),
(197, 40, 2),
(198, 40, 3),
(199, 40, 4),
(200, 40, 5),
(201, 41, 1),
(202, 41, 2),
(203, 41, 3),
(204, 41, 4),
(205, 41, 5),
(206, 42, 1),
(207, 42, 2),
(208, 42, 3),
(209, 42, 4),
(210, 42, 5),
(211, 43, 1),
(212, 43, 2),
(213, 43, 3),
(214, 43, 4),
(215, 43, 5),
(216, 44, 1),
(217, 44, 2),
(218, 44, 3),
(219, 44, 4),
(220, 44, 5),
(221, 45, 1),
(222, 45, 2),
(223, 45, 3),
(224, 45, 4),
(225, 45, 5),
(226, 46, 1),
(227, 46, 2),
(228, 46, 3),
(229, 46, 4),
(230, 46, 5),
(231, 47, 1),
(232, 47, 2),
(233, 47, 3),
(234, 47, 4),
(235, 47, 5),
(236, 48, 1),
(237, 48, 2),
(238, 48, 3),
(239, 48, 4),
(240, 48, 5),
(241, 49, 1),
(242, 49, 2),
(243, 49, 3),
(244, 49, 4),
(245, 49, 5),
(246, 50, 1),
(247, 50, 2),
(248, 50, 3),
(249, 50, 4),
(250, 50, 5);

--
-- Dumping data for table `itinerary_inclusions`
--

INSERT INTO `itinerary_inclusions` (`id`, `itinerary_id`, `inclusion_id`) VALUES
(1, 1, 1),
(2, 1, 2),
(3, 1, 3),
(4, 1, 4),
(5, 1, 5),
(6, 1, 6),
(7, 1, 7),
(8, 1, 8),
(9, 1, 9),
(10, 1, 10),
(11, 2, 1),
(12, 2, 2),
(13, 2, 3),
(14, 2, 4),
(15, 2, 5),
(16, 2, 6),
(17, 2, 7),
(18, 2, 8),
(19, 2, 9),
(20, 2, 10),
(21, 3, 1),
(22, 3, 2),
(23, 3, 3),
(24, 3, 4),
(25, 3, 5),
(26, 3, 6),
(27, 3, 7),
(28, 3, 8),
(29, 3, 9),
(30, 3, 10),
(31, 4, 1),
(32, 4, 2),
(33, 4, 3),
(34, 4, 4),
(35, 4, 5),
(36, 4, 6),
(37, 4, 7),
(38, 4, 8),
(39, 4, 9),
(40, 4, 10),
(41, 5, 1),
(42, 5, 2),
(43, 5, 3),
(44, 5, 4),
(45, 5, 5),
(46, 5, 6),
(47, 5, 7),
(48, 5, 8),
(49, 5, 9),
(50, 5, 10),
(51, 6, 1),
(52, 6, 2),
(53, 6, 3),
(54, 6, 4),
(55, 6, 5),
(56, 6, 6),
(57, 6, 7),
(58, 6, 8),
(59, 6, 9),
(60, 6, 10),
(61, 7, 1),
(62, 7, 2),
(63, 7, 3),
(64, 7, 4),
(65, 7, 5),
(66, 7, 6),
(67, 7, 7),
(68, 7, 8),
(69, 7, 9),
(70, 7, 10),
(71, 8, 1),
(72, 8, 2),
(73, 8, 3),
(74, 8, 4),
(75, 8, 5),
(76, 8, 6),
(77, 8, 7),
(78, 8, 8),
(79, 8, 9),
(80, 8, 10),
(81, 9, 1),
(82, 9, 2),
(83, 9, 3),
(84, 9, 4),
(85, 9, 5),
(86, 9, 6),
(87, 9, 7),
(88, 9, 8),
(89, 9, 9),
(90, 9, 10),
(91, 10, 1),
(92, 10, 2),
(93, 10, 3),
(94, 10, 4),
(95, 10, 5),
(96, 10, 6),
(97, 10, 7),
(98, 10, 8),
(99, 10, 9),
(100, 10, 10),
(101, 11, 1),
(102, 11, 2),
(103, 11, 3),
(104, 11, 4),
(105, 11, 5),
(106, 11, 6),
(107, 11, 7),
(108, 11, 8),
(109, 11, 9),
(110, 11, 10),
(111, 12, 1),
(112, 12, 2),
(113, 12, 3),
(114, 12, 4),
(115, 12, 5),
(116, 12, 6),
(117, 12, 7),
(118, 12, 8),
(119, 12, 9),
(120, 12, 10),
(121, 13, 1),
(122, 13, 2),
(123, 13, 3),
(124, 13, 4),
(125, 13, 5),
(126, 13, 6),
(127, 13, 7),
(128, 13, 8),
(129, 13, 9),
(130, 13, 10),
(131, 14, 1),
(132, 14, 2),
(133, 14, 3),
(134, 14, 4),
(135, 14, 5),
(136, 14, 6),
(137, 14, 7),
(138, 14, 8),
(139, 14, 9),
(140, 14, 10),
(141, 15, 1),
(142, 15, 2),
(143, 15, 3),
(144, 15, 4),
(145, 15, 5),
(146, 15, 6),
(147, 15, 7),
(148, 15, 8),
(149, 15, 9),
(150, 15, 10),
(151, 16, 1),
(152, 16, 2),
(153, 16, 3),
(154, 16, 4),
(155, 16, 5),
(156, 16, 6),
(157, 16, 7),
(158, 16, 8),
(159, 16, 9),
(160, 16, 10),
(171, 18, 1),
(172, 18, 2),
(173, 18, 3),
(174, 18, 4),
(175, 18, 5),
(176, 18, 6),
(177, 18, 7),
(178, 18, 8),
(179, 18, 9),
(180, 18, 10),
(181, 19, 1),
(182, 19, 2),
(183, 19, 3),
(184, 19, 4),
(185, 19, 5),
(186, 19, 6),
(187, 19, 7),
(188, 19, 8),
(189, 19, 9),
(190, 19, 10),
(231, 24, 1),
(232, 24, 2),
(233, 24, 3),
(234, 24, 4),
(235, 24, 5),
(236, 24, 6),
(237, 24, 7),
(238, 24, 8),
(239, 24, 9),
(240, 24, 10),
(241, 25, 1),
(242, 25, 2),
(243, 25, 3),
(244, 25, 4),
(245, 25, 5),
(246, 25, 6),
(247, 25, 7),
(248, 25, 8),
(249, 25, 9),
(250, 25, 10),
(251, 26, 1),
(252, 26, 2),
(253, 26, 3),
(254, 26, 4),
(255, 26, 5),
(256, 26, 6),
(257, 26, 7),
(258, 26, 8),
(259, 26, 9),
(260, 26, 10),
(261, 27, 1),
(262, 27, 2),
(263, 27, 3),
(264, 27, 4),
(265, 27, 5),
(266, 27, 6),
(267, 27, 7),
(268, 27, 8),
(269, 27, 9),
(270, 27, 10),
(271, 28, 1),
(272, 28, 2),
(273, 28, 3),
(274, 28, 4),
(275, 28, 5),
(276, 28, 6),
(277, 28, 7),
(278, 28, 8),
(279, 28, 9),
(280, 28, 10),
(281, 29, 1),
(282, 29, 2),
(283, 29, 3),
(284, 29, 4),
(285, 29, 5),
(286, 29, 6),
(287, 29, 7),
(288, 29, 8),
(289, 29, 9),
(290, 29, 10),
(291, 30, 1),
(292, 30, 2),
(293, 30, 3),
(294, 30, 4),
(295, 30, 5),
(296, 30, 6),
(297, 30, 7),
(298, 30, 8),
(299, 30, 9),
(300, 30, 10),
(301, 31, 1),
(302, 31, 2),
(303, 31, 3),
(304, 31, 4),
(305, 31, 5),
(306, 31, 6),
(307, 31, 7),
(308, 31, 8),
(309, 31, 9),
(310, 31, 10),
(311, 32, 1),
(312, 32, 2),
(313, 32, 3),
(314, 32, 4),
(315, 32, 5),
(316, 32, 6),
(317, 32, 7),
(318, 32, 8),
(319, 32, 9),
(320, 32, 10),
(321, 33, 1),
(322, 33, 2),
(323, 33, 3),
(324, 33, 4),
(325, 33, 5),
(326, 33, 6),
(327, 33, 7),
(328, 33, 8),
(329, 33, 9),
(330, 33, 10),
(331, 34, 1),
(332, 34, 2),
(333, 34, 3),
(334, 34, 4),
(335, 34, 5),
(336, 34, 6),
(337, 34, 7),
(338, 34, 8),
(339, 34, 9),
(340, 34, 10),
(341, 35, 1),
(342, 35, 2),
(343, 35, 3),
(344, 35, 4),
(345, 35, 5),
(346, 35, 6),
(347, 35, 7),
(348, 35, 8),
(349, 35, 9),
(350, 35, 10),
(351, 36, 1),
(352, 36, 2),
(353, 36, 3),
(354, 36, 4),
(355, 36, 5),
(356, 36, 6),
(357, 36, 7),
(358, 36, 8),
(359, 36, 9),
(360, 36, 10),
(361, 37, 1),
(362, 37, 2),
(363, 37, 3),
(364, 37, 4),
(365, 37, 5),
(366, 37, 6),
(367, 37, 7),
(368, 37, 8),
(369, 37, 9),
(370, 37, 10),
(371, 38, 1),
(372, 38, 2),
(373, 38, 3),
(374, 38, 4),
(375, 38, 5),
(376, 38, 6),
(377, 38, 7),
(378, 38, 8),
(379, 38, 9),
(380, 38, 10),
(381, 39, 1),
(382, 39, 2),
(383, 39, 3),
(384, 39, 4),
(385, 39, 5),
(386, 39, 6),
(387, 39, 7),
(388, 39, 8),
(389, 39, 9),
(390, 39, 10),
(391, 40, 1),
(392, 40, 2),
(393, 40, 3),
(394, 40, 4),
(395, 40, 5),
(396, 40, 6),
(397, 40, 7),
(398, 40, 8),
(399, 40, 9),
(400, 40, 10),
(401, 41, 1),
(402, 41, 2),
(403, 41, 3),
(404, 41, 4),
(405, 41, 5),
(406, 41, 6),
(407, 41, 7),
(408, 41, 8),
(409, 41, 9),
(410, 41, 10),
(411, 42, 1),
(412, 42, 2),
(413, 42, 3),
(414, 42, 4),
(415, 42, 5),
(416, 42, 6),
(417, 42, 7),
(418, 42, 8),
(419, 42, 9),
(420, 42, 10),
(421, 43, 1),
(422, 43, 2),
(423, 43, 3),
(424, 43, 4),
(425, 43, 5),
(426, 43, 6),
(427, 43, 7),
(428, 43, 8),
(429, 43, 9),
(430, 43, 10),
(431, 44, 1),
(432, 44, 2),
(433, 44, 3),
(434, 44, 4),
(435, 44, 5),
(436, 44, 6),
(437, 44, 7),
(438, 44, 8),
(439, 44, 9),
(440, 44, 10),
(441, 45, 1),
(442, 45, 2),
(443, 45, 3),
(444, 45, 4),
(445, 45, 5),
(446, 45, 6),
(447, 45, 7),
(448, 45, 8),
(449, 45, 9),
(450, 45, 10),
(451, 46, 1),
(452, 46, 2),
(453, 46, 3),
(454, 46, 4),
(455, 46, 5),
(456, 46, 6),
(457, 46, 7),
(458, 46, 8),
(459, 46, 9),
(460, 46, 10),
(461, 47, 1),
(462, 47, 2),
(463, 47, 3),
(464, 47, 4),
(465, 47, 5),
(466, 47, 6),
(467, 47, 7),
(468, 47, 8),
(469, 47, 9),
(470, 47, 10),
(471, 48, 1),
(472, 48, 2),
(473, 48, 3),
(474, 48, 4),
(475, 48, 5),
(476, 48, 6),
(477, 48, 7),
(478, 48, 8),
(479, 48, 9),
(480, 48, 10),
(481, 49, 1),
(482, 49, 2),
(483, 49, 3),
(484, 49, 4),
(485, 49, 5),
(486, 49, 6),
(487, 49, 7),
(488, 49, 8),
(489, 49, 9),
(490, 49, 10),
(491, 50, 1),
(492, 50, 2),
(493, 50, 3),
(494, 50, 4),
(495, 50, 5),
(496, 50, 6),
(497, 50, 7),
(498, 50, 8),
(499, 50, 9),
(500, 50, 10);

--
-- Dumping data for table `itinerary_media`
--

INSERT INTO `itinerary_media` (`itinerary_id`, `media_id`) VALUES
(1, 43),
(2, 43),
(2, 42),
(2, 41),
(2, 40),
(2, 39),
(3, 43),
(3, 42),
(3, 41),
(3, 40),
(3, 39),
(4, 42),
(4, 41),
(4, 39),
(4, 40),
(5, 43),
(5, 42),
(5, 41),
(5, 40),
(5, 39),
(8, 43),
(8, 42),
(8, 41),
(8, 40),
(8, 39),
(15, 43),
(15, 42),
(15, 41),
(15, 40),
(15, 39),
(6, 43),
(6, 42),
(6, 41),
(6, 40),
(6, 39),
(7, 43),
(7, 42),
(7, 41),
(7, 40),
(7, 39),
(16, 43),
(16, 42),
(16, 41),
(16, 40),
(16, 39),
(9, 42),
(9, 43),
(9, 41),
(9, 40),
(9, 39),
(11, 43),
(11, 42),
(11, 41),
(11, 40),
(11, 39),
(13, 43),
(13, 42),
(13, 41),
(13, 40),
(13, 39),
(14, 43),
(14, 42),
(14, 41),
(14, 40),
(14, 39),
(10, 43),
(10, 42),
(10, 41),
(10, 40),
(10, 39),
(18, 43),
(18, 42),
(18, 41),
(18, 40),
(18, 39),
(19, 43),
(19, 42),
(19, 41),
(19, 40),
(19, 39),
(24, 43),
(24, 42),
(24, 41),
(24, 40),
(24, 39),
(12, 43),
(12, 42),
(12, 41),
(12, 40),
(12, 39),
(25, 43),
(25, 42),
(25, 41),
(25, 40),
(25, 39),
(27, 43),
(27, 42),
(27, 41),
(27, 40),
(27, 39),
(26, 43),
(26, 42),
(26, 41),
(26, 40),
(26, 39),
(28, 43),
(28, 42),
(28, 41),
(28, 40),
(28, 39),
(29, 43),
(29, 42),
(29, 41),
(29, 40),
(29, 39),
(30, 43),
(30, 42),
(31, 43),
(31, 42),
(31, 41),
(31, 40),
(31, 39),
(32, 43),
(32, 42),
(32, 41),
(32, 40),
(32, 39),
(33, 43),
(33, 42),
(33, 41),
(33, 40),
(33, 39),
(34, 43),
(34, 42),
(34, 41),
(34, 40),
(34, 39),
(35, 43),
(35, 42),
(35, 41),
(35, 40),
(35, 39),
(36, 40),
(36, 42),
(36, 43),
(36, 41),
(36, 39),
(37, 39),
(37, 43),
(37, 41),
(37, 42),
(37, 40),
(38, 39),
(38, 43),
(38, 41),
(38, 40),
(38, 42),
(39, 46),
(39, 47),
(39, 48),
(39, 49),
(39, 42),
(39, 43),
(40, 49),
(40, 48),
(40, 47),
(40, 46),
(40, 42),
(40, 43),
(41, 48),
(41, 49),
(41, 47),
(41, 46),
(41, 42),
(41, 43),
(42, 47),
(42, 48),
(42, 49),
(42, 46),
(42, 42),
(42, 43),
(43, 46),
(43, 47),
(43, 48),
(43, 49),
(43, 42),
(43, 43),
(44, 49),
(44, 48),
(44, 47),
(44, 46),
(44, 42),
(44, 43),
(45, 49),
(45, 48),
(45, 47),
(45, 46),
(45, 43),
(45, 42),
(46, 49),
(46, 48),
(46, 47),
(46, 42),
(46, 43),
(46, 46),
(47, 49),
(47, 48),
(47, 47),
(47, 46),
(47, 42),
(47, 43),
(48, 49),
(48, 48),
(48, 47),
(48, 46),
(48, 43),
(48, 42),
(49, 49),
(49, 48),
(49, 47),
(49, 46),
(49, 43),
(49, 42),
(50, 49),
(50, 48),
(50, 47),
(50, 46),
(50, 43),
(50, 42),
(30, 49),
(30, 48),
(30, 47),
(30, 46);

--
-- Dumping data for table `lead_sources`
--

INSERT INTO `lead_sources` (`id`, `description`, `is_active`, `created_by`, `updated_by`, `deleted_at`, `created_at`, `updated_at`) VALUES
(1, 'Blog', 1, 1, 1, NULL, '2020-03-17 07:26:08', '2020-03-17 07:26:08'),
(2, 'Yoga Instructor', 1, 1, 1, NULL, '2020-03-17 07:26:32', '2020-03-17 07:26:32'),
(3, 'Book Yoga Retreats', 1, 1, 1, '2020-03-24 01:28:11', '2020-03-17 07:27:14', '2020-03-24 01:28:11'),
(4, 'Facebook', 1, 1, 1, NULL, '2020-03-17 07:27:33', '2020-03-17 07:27:33'),
(5, 'Twitter', 1, 1, 1, NULL, '2020-03-17 07:27:41', '2020-03-17 07:27:41'),
(6, 'Instagram', 1, 1, 1, NULL, '2020-03-17 07:27:50', '2020-03-17 07:27:50'),
(7, 'Internet', 1, 1, 1, NULL, '2020-03-17 07:28:05', '2020-03-17 07:28:05'),
(8, 'Tour Radar', 1, 1, 1, '2020-03-24 01:28:28', '2020-03-17 07:29:01', '2020-03-24 01:28:28'),
(9, 'Yovada', 1, 1, 1, '2020-03-24 01:28:40', '2020-03-17 07:29:29', '2020-03-24 01:28:40'),
(10, 'Yoga Trade Jobs', 1, 1, 1, '2020-03-24 01:28:54', '2020-03-17 07:29:40', '2020-03-24 01:28:54'),
(11, 'National Geographic', 1, 1, 1, NULL, '2020-03-17 07:30:13', '2020-03-17 07:30:13'),
(12, 'Advertisement', 1, 1, 1, NULL, '2020-03-17 07:30:48', '2020-03-17 07:30:48'),
(13, 'Google', 1, 1, 1, NULL, '2020-03-17 07:31:18', '2020-03-17 07:31:18'),
(14, 'Ambassador', 1, 1, 1, NULL, '2020-03-19 03:44:01', '2020-03-19 03:44:01'),
(15, 'Antlos', 1, 1, 1, '2020-03-24 01:29:11', '2020-03-19 03:45:23', '2020-03-24 01:29:11'),
(16, 'Borrow A Boat', 1, 1, 1, '2020-03-24 01:29:20', '2020-03-19 03:46:29', '2020-03-24 01:29:20'),
(17, 'Koda Sail', 1, 1, 1, '2020-03-24 01:29:31', '2020-03-19 03:49:40', '2020-03-24 01:29:31'),
(18, 'Other', 1, 1, 1, NULL, '2020-03-19 04:20:48', '2020-03-19 04:20:48'),
(19, 'Other Search Engines', 1, 1, 1, NULL, '2020-03-19 04:21:06', '2020-03-19 04:21:06'),
(20, 'Referral', 1, 1, 1, NULL, '2020-03-19 04:22:03', '2020-03-19 04:22:03'),
(21, 'Referral - From Customer', 1, 1, 1, NULL, '2020-03-19 04:22:35', '2020-03-19 04:22:35'),
(22, 'Retreat Guru', 1, 1, 1, '2020-03-24 01:29:44', '2020-03-19 04:22:57', '2020-03-24 01:29:44'),
(23, 'SailGay', 1, 1, 1, '2020-03-24 01:29:56', '2020-03-19 04:23:14', '2020-03-24 01:29:56'),
(24, 'Soul Seed', 1, 1, 1, '2020-03-24 01:30:06', '2020-03-19 04:23:39', '2020-03-24 01:30:06'),
(25, 'The Globetrotter Guys', 1, 1, 1, '2020-03-24 01:30:20', '2020-03-19 04:23:58', '2020-03-24 01:30:20'),
(26, 'Travel Agent', 1, 1, 1, NULL, '2020-03-19 04:24:19', '2020-03-19 04:24:19'),
(27, 'Travel Website', 1, 1, 1, NULL, '2020-03-19 04:24:41', '2020-03-19 04:24:41'),
(28, 'Trip Advisor', 1, 1, 1, NULL, '2020-03-19 04:24:56', '2020-03-19 04:24:56'),
(29, 'Two Bad Tourists', 1, 1, 1, '2020-03-24 01:30:36', '2020-03-19 04:25:16', '2020-03-24 01:30:36'),
(30, 'Wavy', 1, 1, 1, '2020-03-24 01:30:51', '2020-03-19 04:25:36', '2020-03-24 01:30:51'),
(31, 'Website', 1, 1, 1, NULL, '2020-03-19 04:25:50', '2020-03-19 04:25:50'),
(32, 'Word of Mouth', 1, 1, 1, NULL, '2020-03-19 04:26:17', '2020-03-19 04:26:17');

--
-- Dumping data for table `media`
--

INSERT INTO `media` (`id`, `type`, `extension`, `batch_code`, `original_file_name`, `new_file_name`, `full_path`, `is_active`, `created_by`, `updated_by`, `deleted_at`, `created_at`, `updated_at`) VALUES
(1, 1, 'png', '93600120d706326b22264e804a90a839', 'photo.png', '239885a115a6b61c868309941e18278d.png', 'https://backend.mshbookingengine.com/media/239885a115a6b61c868309941e18278d.png', 1, 1, 1, NULL, '2020-03-03 04:50:06', '2020-03-03 04:50:06'),
(2, 1, 'jpg', '2b0792698b9a37b8a98a3bbec4cffc68', 'WIN_20200210_12_49_25_Pro.jpg', 'ff3c0227ab33813f26d71fe54cffa6ae.jpg', 'https://backend.mshbookingengine.com/media/ff3c0227ab33813f26d71fe54cffa6ae.jpg', 1, 1, 1, NULL, '2020-03-03 04:53:06', '2020-03-03 04:53:06'),
(3, 1, 'JPG', '7de482392a037cfaa547584b9de1219e', 'manenay.JPG', 'dd7c45e44cc19013f6303a5b0c97c5af.JPG', 'https://backend.mshbookingengine.com/media/dd7c45e44cc19013f6303a5b0c97c5af.JPG', 1, 1, 1, NULL, '2020-03-03 04:58:26', '2020-03-03 04:58:26'),
(4, 1, 'jpeg', 'b2d48bd1b7b536dca83ce2294cadd84a', 'c2.jpeg', '208f989f6b15ccb78f0a9934888bbcda.jpeg', 'https://backend.mshbookingengine.com/media/208f989f6b15ccb78f0a9934888bbcda.jpeg', 1, 1, 1, NULL, '2020-03-03 04:59:20', '2020-03-03 04:59:20'),
(5, 1, 'jpg', '5bd547cd802df4ddcd28818e0d74e612', 'Leilanie Paz.jpg', '4c8ee5b54969bd8577bf2b31a25fb6fa.jpg', 'https://backend.mshbookingengine.com/media/4c8ee5b54969bd8577bf2b31a25fb6fa.jpg', 1, 1, 1, NULL, '2020-03-03 05:01:25', '2020-03-03 05:01:25'),
(6, 1, 'jpg', 'fe504a62feb766c4f864a97240732046', 'pic2.jpg', '550aee2d708d967fc08744f1e675dcba.jpg', 'https://backend.mshbookingengine.com/media/550aee2d708d967fc08744f1e675dcba.jpg', 1, 1, 1, NULL, '2020-03-03 05:01:58', '2020-03-03 05:01:58'),
(7, 1, 'jpg', 'bc1728209497b6dbc0914887d1472705', 'IMG_4409.jpg', '0b8d736bc8ab3552b653e753256691ba.jpg', 'https://backend.mshbookingengine.com/media/0b8d736bc8ab3552b653e753256691ba.jpg', 1, 1, 1, NULL, '2020-03-03 05:02:41', '2020-03-03 05:02:41'),
(8, 1, 'jpg', '1280de3e74b3eabdae6af62e49b1f10b', 'IMG_5537 copy.jpg', 'cfe9c6aec80cdd300e2aabac2ed6c6f5.jpg', 'https://backend.mshbookingengine.com/media/cfe9c6aec80cdd300e2aabac2ed6c6f5.jpg', 1, 1, 1, NULL, '2020-03-03 05:02:42', '2020-03-03 05:02:42'),
(9, 1, 'jpg', '761991fc084c736dfdc2544d94e12878', 'amanda.jpg', 'ae09514be59ac58c14f98c62cc0386d9.jpg', 'https://backend.mshbookingengine.com/media/ae09514be59ac58c14f98c62cc0386d9.jpg', 1, 1, 1, NULL, '2020-03-03 05:04:51', '2020-03-03 05:04:51'),
(10, 1, 'JPG', '9c524004b015958f32621baf8bec20cb', 'Danielle Pitcher.JPG', '9c04c7198d611650daf550a78c11f794.JPG', 'https://backend.mshbookingengine.com/media/9c04c7198d611650daf550a78c11f794.JPG', 1, 1, 1, NULL, '2020-03-03 05:08:15', '2020-03-03 05:08:15'),
(11, 1, 'JPG', 'ce59bbc81f64fa1555c3f4cc5c307b3a', 'Rebekka Nerhovde.JPG', 'd155ea87eda98357b8bcef710b75030d.JPG', 'https://backend.mshbookingengine.com/media/d155ea87eda98357b8bcef710b75030d.JPG', 1, 1, 1, NULL, '2020-03-03 05:15:26', '2020-03-03 05:15:26'),
(12, 1, 'jpg', 'ff2dccedc8db132d527a8f761957f10c', 'Farah.jpg', '5f12dc4cbb7907a1e0e84c40eb4314fd.jpg', 'https://backend.mshbookingengine.com/media/5f12dc4cbb7907a1e0e84c40eb4314fd.jpg', 1, 1, 1, NULL, '2020-03-03 05:16:09', '2020-03-03 05:16:09'),
(13, 1, 'jpg', '33e8fe7f1bc4178ea11e9da237ffc319', 'Kamilla.jpg', '7c7912d2510081ebcdac3d7c6e126f38.jpg', 'https://backend.mshbookingengine.com/media/7c7912d2510081ebcdac3d7c6e126f38.jpg', 1, 1, 1, NULL, '2020-03-03 05:16:28', '2020-03-03 05:16:28'),
(14, 1, 'jpg', 'bd395861059523b68218bf4344f7d3dd', 'photo.jpg', '76adcff0b2358bae0983e815b0c1e1b1.jpg', 'https://backend.mshbookingengine.com/media/76adcff0b2358bae0983e815b0c1e1b1.jpg', 1, 1, 1, NULL, '2020-03-03 05:16:45', '2020-03-03 05:16:45'),
(15, 1, 'jpg', 'bbd0325afcc5943d0355d131447b5ddb', '81.jpg', '1361c85f73e19f00b0c946877b8ac38b.jpg', 'https://backend.mshbookingengine.com/media/1361c85f73e19f00b0c946877b8ac38b.jpg', 1, 1, 1, NULL, '2020-03-03 05:18:20', '2020-03-03 05:18:20'),
(16, 1, 'jpg', 'e43003bb8c9651e23135e60e8dbc4204', 'chrisse2.jpg', '57d402fbb2ed2c99494903276b2c272d.jpg', 'https://backend.mshbookingengine.com/media/57d402fbb2ed2c99494903276b2c272d.jpg', 1, 1, 1, NULL, '2020-03-03 05:19:00', '2020-03-03 05:19:00'),
(17, 1, 'JPG', '3f95466a598c23438f599d08dd9aa487', 'Maddie Lynch.JPG', 'c854e34d21d84353e23da25494b80b94.JPG', 'https://backend.mshbookingengine.com/media/c854e34d21d84353e23da25494b80b94.JPG', 1, 1, 1, NULL, '2020-03-03 05:27:53', '2020-03-03 05:27:53'),
(18, 1, 'jpg', '2512b1b7688fd7c56a6c5a416b12b6fe', 'Aft Cabin (Port).jpg', '8557ab35378eddc4f260e236a0b0e02e.jpg', 'https://backend.mshbookingengine.com/media/8557ab35378eddc4f260e236a0b0e02e.jpg', 1, 1, 1, NULL, '2020-03-03 05:30:11', '2020-03-03 05:30:11'),
(19, 1, 'jpg', '5f4c196574f62ab5f36816ced5eb0643', 'Cockpit.jpg', 'b5c48a22dbf820bb5c1a6567d8996381.jpg', 'https://backend.mshbookingengine.com/media/b5c48a22dbf820bb5c1a6567d8996381.jpg', 1, 1, 1, NULL, '2020-03-03 05:30:12', '2020-03-03 05:30:12'),
(20, 1, 'jpg', '39f4023003c733124a157a9b30b52e9a', 'Aft Cabin (Starboard).jpg', '89e9b9ad3503b105b23f80dd6ba44b2d.jpg', 'https://backend.mshbookingengine.com/media/89e9b9ad3503b105b23f80dd6ba44b2d.jpg', 1, 1, 1, NULL, '2020-03-03 05:30:12', '2020-03-03 05:30:12'),
(21, 1, 'jpg', '09cffeadafb784a57e5bfabca0b41e12', 'Aft cabin.jpg', 'b72e8daa4058aec187108cd399dc0082.jpg', 'https://backend.mshbookingengine.com/media/b72e8daa4058aec187108cd399dc0082.jpg', 1, 1, 1, NULL, '2020-03-03 05:30:12', '2020-03-03 05:30:12'),
(22, 1, 'jpg', 'd1481cd37f8e173787ab81bd17ddb849', 'Forward cabin.jpg', 'c6bf8ea144463d9875b2c6d3ab702ba4.jpg', 'https://backend.mshbookingengine.com/media/c6bf8ea144463d9875b2c6d3ab702ba4.jpg', 1, 1, 1, NULL, '2020-03-03 05:30:12', '2020-03-03 05:30:12'),
(23, 1, 'jpg', '6f638b2f08f169658a0f6ddfb490cf17', 'Galley.jpg', '8f4f1294ae7cbff9e002c34c1dfdbe8d.jpg', 'https://backend.mshbookingengine.com/media/8f4f1294ae7cbff9e002c34c1dfdbe8d.jpg', 1, 1, 1, NULL, '2020-03-03 05:30:12', '2020-03-03 05:30:12'),
(24, 1, 'jpg', 'cb951d8437447bba24620978211ab264', 'Head.jpg', '6c3dfa64fe8b82e93027000716be718b.jpg', 'https://backend.mshbookingengine.com/media/6c3dfa64fe8b82e93027000716be718b.jpg', 1, 1, 1, NULL, '2020-03-03 05:30:12', '2020-03-03 05:30:12'),
(25, 1, 'jpg', '5e89e2543441b518026f28ade9d3c009', 'Cockpit 2.jpg', 'f550dbdb1a46986ba01c28dda37b0d04.jpg', 'https://backend.mshbookingengine.com/media/f550dbdb1a46986ba01c28dda37b0d04.jpg', 1, 1, 1, NULL, '2020-03-03 05:30:12', '2020-03-03 05:30:12'),
(26, 1, 'jpg', '6032319dc043bfad756333993e0a9988', 'Layout.jpg', 'e25a08aa9ee5375904f549f4f7d82e23.jpg', 'https://backend.mshbookingengine.com/media/e25a08aa9ee5375904f549f4f7d82e23.jpg', 1, 1, 1, NULL, '2020-03-03 05:30:12', '2020-03-03 05:30:12'),
(27, 1, 'jpg', 'b28616b737228ea9ca831206a8b0d3ca', 'Crew bunks.jpg', '0c38a71ab276eb81107bbb7be5c5ea94.jpg', 'https://backend.mshbookingengine.com/media/0c38a71ab276eb81107bbb7be5c5ea94.jpg', 1, 1, 1, NULL, '2020-03-03 05:30:12', '2020-03-03 05:30:12'),
(28, 1, 'jpg', 'b1fbcd36ae4101fb07b836165941996a', 'Helm station.jpg', '6d46ed6f394b6ac9e684c7340a6bc042.jpg', 'https://backend.mshbookingengine.com/media/6d46ed6f394b6ac9e684c7340a6bc042.jpg', 1, 1, 1, NULL, '2020-03-03 05:30:12', '2020-03-03 05:30:12'),
(29, 1, 'jpg', '275c2d77d666edceea335f54a53becca', 'Saloon.jpg', '367c86986639dd721abdfa7e7c4f7a21.jpg', 'https://backend.mshbookingengine.com/media/367c86986639dd721abdfa7e7c4f7a21.jpg', 1, 1, 1, NULL, '2020-03-03 05:30:12', '2020-03-03 05:30:12'),
(30, 1, 'jpg', 'ec1d37f66ac002c879532ce2fdb9d74f', 'Master Cabin.jpg', '2ee2c21d9ca8c24d34722a68dd3c941f.jpg', 'https://backend.mshbookingengine.com/media/2ee2c21d9ca8c24d34722a68dd3c941f.jpg', 1, 1, 1, NULL, '2020-03-03 05:31:06', '2020-03-03 05:31:06'),
(31, 1, 'jpg', 'a7753748807f1ab5035482208328e874', 'Outdoors.jpg', '69125b50213bd5c0e16d7aedbbe4291f.jpg', 'https://backend.mshbookingengine.com/media/69125b50213bd5c0e16d7aedbbe4291f.jpg', 1, 1, 1, NULL, '2020-03-03 05:31:06', '2020-03-03 05:31:06'),
(32, 1, 'jpg', '0317c94c282548c21f9dfb36cdd01aff', 'Forward cabin.jpg', '50d601e5cf1941048a2b94d8e83e4688.jpg', 'https://backend.mshbookingengine.com/media/50d601e5cf1941048a2b94d8e83e4688.jpg', 1, 1, 1, NULL, '2020-03-03 05:31:06', '2020-03-03 05:31:06'),
(33, 1, 'jpg', '0846815b45b2061eff12901c6a04fcda', 'Galley.jpg', '0f8d352bb63d4f023302f9ad2a28e84c.jpg', 'https://backend.mshbookingengine.com/media/0f8d352bb63d4f023302f9ad2a28e84c.jpg', 1, 1, 1, NULL, '2020-03-03 05:31:06', '2020-03-03 05:31:06'),
(34, 1, 'jpg', 'b90dbacd8bee4132c14f089ac19d8f87', 'Port quarter.jpg', '7dea7107b3e18adb88d868b0e7569f28.jpg', 'https://backend.mshbookingengine.com/media/7dea7107b3e18adb88d868b0e7569f28.jpg', 1, 1, 1, NULL, '2020-03-03 05:31:06', '2020-03-03 05:31:06'),
(35, 1, 'jpg', '3e3cc05dddbe65dcdfe3dacf9a351e15', 'Saloon.jpg', '14763354cdaeccc9fe99532c29b8842f.jpg', 'https://backend.mshbookingengine.com/media/14763354cdaeccc9fe99532c29b8842f.jpg', 1, 1, 1, NULL, '2020-03-03 05:31:06', '2020-03-03 05:31:06'),
(36, 1, 'jpg', '85370a9ac731d2efb1812cfd2f9d3b57', 'Saloon 2.jpg', '37997fe7998ed509422a2e162771b0a0.jpg', 'https://backend.mshbookingengine.com/media/37997fe7998ed509422a2e162771b0a0.jpg', 1, 1, 1, NULL, '2020-03-03 05:31:06', '2020-03-03 05:31:06'),
(37, 1, 'png', '6d9450125c8bab556453ad5e09a39bc9', 'Layout.png', 'f86777dc28ba91b9ecd9d912570f3000.png', 'https://backend.mshbookingengine.com/media/f86777dc28ba91b9ecd9d912570f3000.png', 1, 1, 1, NULL, '2020-03-03 05:31:06', '2020-03-03 05:31:06'),
(38, 1, 'png', '5506bfc0c4f3fbbf347a70efe947fe48', 'L42 Forward cabin.png', 'eaec1b1f335a3a2234ffcb17060bdfae.png', 'https://backend.mshbookingengine.com/media/eaec1b1f335a3a2234ffcb17060bdfae.png', 1, 1, 1, NULL, '2020-03-03 05:31:06', '2020-03-03 05:31:06'),
(39, 1, 'jpg', '803ebb5b59d741962ec85f94ebc4bebf', 'G0040414-1 (Large).jpg', '7bf02ebaf27df0e3ff7f42d7a6fb6a05.jpg', 'https://backend.mshbookingengine.com/media/7bf02ebaf27df0e3ff7f42d7a6fb6a05.jpg', 1, 1, 1, NULL, '2020-03-03 05:38:15', '2020-03-03 05:38:15'),
(40, 1, 'jpg', '3232fc2f7fdd34e49167d46e9828e48f', 'G0180021-1 (Large).jpg', '47aabba332a7d3d0b12c5764e2352bea.jpg', 'https://backend.mshbookingengine.com/media/47aabba332a7d3d0b12c5764e2352bea.jpg', 1, 1, 1, NULL, '2020-03-03 05:38:15', '2020-03-03 05:38:15'),
(41, 1, 'jpg', '4a759e54d58242e3855dc7e4f197fb92', 'G0021661-1 (Large).jpg', '9905ff1f9f92412bd092e3cbfea81f93.jpg', 'https://backend.mshbookingengine.com/media/9905ff1f9f92412bd092e3cbfea81f93.jpg', 1, 1, 1, NULL, '2020-03-03 05:38:15', '2020-03-03 05:38:15'),
(42, 1, 'jpg', 'ba5fbb6fda9c487d02abdfb964f13538', 'medsailingholidays-19 (Large).jpg', '9bfc8cbbed7b9cba80145e0b6434aaaa.jpg', 'https://backend.mshbookingengine.com/media/9bfc8cbbed7b9cba80145e0b6434aaaa.jpg', 1, 1, 1, NULL, '2020-03-03 05:38:15', '2020-03-03 05:38:15'),
(43, 1, 'jpg', '6fa15ac86071df9d78ff104369f7cddd', 'GOPR1619-1.jpg', '26d2269b439c0520b0ffed4fc641e526.jpg', 'https://backend.mshbookingengine.com/media/26d2269b439c0520b0ffed4fc641e526.jpg', 1, 1, 1, NULL, '2020-03-03 05:42:52', '2020-03-03 05:42:52'),
(44, 1, 'jpg', '40ed65a6eed42a7cff26a60831f9c198', 'photo.jpg', '8b3f60ab60fa7810f0a997f0714f3683.jpg', 'https://backend.mshbookingengine.com/media/8b3f60ab60fa7810f0a997f0714f3683.jpg', 1, 1, 1, NULL, '2020-03-03 07:54:07', '2020-03-03 07:54:07'),
(45, 1, 'jpg', 'e30f5d5c5185c8c54842e8c8454d2806', 'photo4.jpg', 'a7b2b546945237044956c2a1c8f7b1c3.jpg', 'https://backend.mshbookingengine.com/media/a7b2b546945237044956c2a1c8f7b1c3.jpg', 1, 1, 1, NULL, '2020-03-04 07:50:07', '2020-03-04 07:50:07'),
(46, 1, 'jpg', '431084587eceb8c51dde396e6b7b88fb', 'IMG-20190722-WA0023.jpg', '4b4a508fe52d457b438f9e0e79edc2d3.jpg', 'https://backend.mshbookingengine.com/media/4b4a508fe52d457b438f9e0e79edc2d3.jpg', 1, 1, 1, NULL, '2020-03-05 04:46:04', '2020-03-05 04:46:04'),
(47, 1, 'jpg', 'c97762f850923ffda95b8e2ab16a2207', 'IMG-20190713-WA0022.jpg', '873fd18fba3cc45a1c66ffbe52f1a6a8.jpg', 'https://backend.mshbookingengine.com/media/873fd18fba3cc45a1c66ffbe52f1a6a8.jpg', 1, 1, 1, NULL, '2020-03-05 04:46:05', '2020-03-05 04:46:05'),
(48, 1, 'jpg', '3e30edfd46dcbe2b7a77b01e0b5f88bb', 'IMG-20190816-WA0055.jpg', 'ad3b2437daf3d5060dbe0f88a3c581b2.jpg', 'https://backend.mshbookingengine.com/media/ad3b2437daf3d5060dbe0f88a3c581b2.jpg', 1, 1, 1, NULL, '2020-03-05 04:51:26', '2020-03-05 04:51:26'),
(49, 1, 'jpg', '09019e4d9b6409514ea3ba0b2d583121', 'IMG-20190828-WA0022.jpg', '7ad151437d6f1edba801eb633e45d1c0.jpg', 'https://backend.mshbookingengine.com/media/7ad151437d6f1edba801eb633e45d1c0.jpg', 1, 1, 1, NULL, '2020-03-05 04:51:26', '2020-03-05 04:51:26'),
(50, 1, 'jpg', '26da9977a624fdd4504871353cbccc3f', 'medsailingholidays-4.jpg', '2a0e789cdd8db4bb6b4e88b98d6ba4bf.jpg', 'https://backend.mshbookingengine.com/media/2a0e789cdd8db4bb6b4e88b98d6ba4bf.jpg', 1, 1, 1, NULL, '2020-03-11 04:17:08', '2020-03-11 04:17:08'),
(51, 1, 'jpg', 'c5467fa4f57153d906a29ca17ab6d3b2', 'medsailingholidays-4.jpg', '9640cf603043a940f80b4053b086cab3.jpg', 'https://backend.mshbookingengine.com/media/9640cf603043a940f80b4053b086cab3.jpg', 1, 1, 1, NULL, '2020-03-11 04:18:09', '2020-03-11 04:18:09'),
(52, 1, 'jpg', 'd0f472d5dd8ae4cd66f9d98df722862f', 'medsailingholidays-4.jpg', '27052101af37e41772614645076568e1.jpg', 'https://backend.mshbookingengine.com/media/27052101af37e41772614645076568e1.jpg', 1, 1, 1, NULL, '2020-03-11 04:18:51', '2020-03-11 04:18:51'),
(53, 1, 'jpg', '5569cf056ff218d276d3ecc61c6af42b', 'medsailingholidays-8.jpg', 'dbe23cefaa8e7cfbc6730efb95a5145f.jpg', 'https://backend.mshbookingengine.com/media/dbe23cefaa8e7cfbc6730efb95a5145f.jpg', 1, 1, 1, NULL, '2020-03-11 04:19:27', '2020-03-11 04:19:27'),
(54, 1, 'jpg', '6cbab3a23061a94fc00dd54a1b68dc75', 'medsailingholidays-15.jpg', 'e1492cdcb09d3a331747bc24117325f3.jpg', 'https://backend.mshbookingengine.com/media/e1492cdcb09d3a331747bc24117325f3.jpg', 1, 1, 1, NULL, '2020-03-11 04:20:31', '2020-03-11 04:20:31'),
(55, 1, 'JPG', '1c7da292ff133a36243acf9055f32458', 'IMG_5659.JPG', '7928ab728e84ef50f7489d43a96c04c9.JPG', 'https://backend.mshbookingengine.com/media/7928ab728e84ef50f7489d43a96c04c9.JPG', 1, 1, 1, NULL, '2020-03-11 04:23:29', '2020-03-11 04:23:29'),
(56, 1, 'jpg', 'a567de3229a75e9b00c550112283030d', 'Kefalonia.jpg', '9a7f73f041d8a1ad5ee8542829a82e4b.jpg', 'https://backend.mshbookingengine.com/media/9a7f73f041d8a1ad5ee8542829a82e4b.jpg', 1, 1, 1, NULL, '2020-03-11 04:26:14', '2020-03-11 04:26:14'),
(57, 1, 'jpg', 'ecf39914683873e23a321c15c26b67b2', '045_20190710-IMG_1758.jpg', 'eea8cd496a6160d56ed88e96b4e84b9f.jpg', 'https://backend.mshbookingengine.com/media/eea8cd496a6160d56ed88e96b4e84b9f.jpg', 1, 1, 1, NULL, '2020-03-11 04:27:42', '2020-03-11 04:27:42'),
(58, 1, 'jpg', '9f7c0f5b57bd7598ff60c146a83e77ac', 'BVI.jpg', '693a3677cb5f5576ef6259f00d966d38.jpg', 'https://backend.mshbookingengine.com/media/693a3677cb5f5576ef6259f00d966d38.jpg', 1, 1, 1, NULL, '2020-03-11 04:29:11', '2020-03-11 04:29:11'),
(59, 1, 'jpg', 'a4a667c4a4ce4c5f8554327441f38a7d', 'snorkeling.jpg', 'b216cd2002287c06e70c321763178add.jpg', 'https://backend.mshbookingengine.com/media/b216cd2002287c06e70c321763178add.jpg', 1, 1, 1, NULL, '2020-03-11 04:29:54', '2020-03-11 04:29:54'),
(60, 1, 'jpg', 'd7a327a259703c22b4b46c0383a7b0fb', 'Cooper Island.jpg', 'bbad5c1bb88eb66ecabb41a21160a708.jpg', 'https://backend.mshbookingengine.com/media/bbad5c1bb88eb66ecabb41a21160a708.jpg', 1, 1, 1, NULL, '2020-03-11 04:31:57', '2020-03-11 04:31:57');

--
-- Dumping data for table `nationalities`
--

INSERT INTO `nationalities` (`id`, `iso`, `description`, `nice_name`, `iso3`, `num_code`, `country_code`, `is_preferred`, `is_active`, `created_by`, `updated_by`, `deleted_at`, `created_at`, `updated_at`) VALUES
(1, 'AF', 'AFGHANISTAN', 'Afghanistan', 'AFG', '4', 93, 0, 1, 0, 0, NULL, NULL, NULL),
(2, 'AL', 'ALBANIA', 'Albania', 'ALB', '8', 355, 0, 1, 0, 0, NULL, NULL, NULL),
(3, 'DZ', 'ALGERIA', 'Algeria', 'DZA', '12', 213, 0, 1, 0, 0, NULL, NULL, NULL),
(4, 'AS', 'AMERICAN SAMOA', 'American Samoa', 'ASM', '16', 1684, 0, 1, 0, 0, NULL, NULL, NULL),
(5, 'AD', 'ANDORRA', 'Andorra', 'AND', '20', 376, 0, 1, 0, 0, NULL, NULL, NULL),
(6, 'AO', 'ANGOLA', 'Angola', 'AGO', '24', 244, 0, 1, 0, 0, NULL, NULL, NULL),
(7, 'AI', 'ANGUILLA', 'Anguilla', 'AIA', '660', 1264, 0, 1, 0, 0, NULL, NULL, NULL),
(8, 'AQ', 'ANTARCTICA', 'Antarctica', '', '', 0, 0, 1, 0, 0, NULL, NULL, NULL),
(9, 'AG', 'ANTIGUA AND BARBUDA', 'Antigua and Barbuda', 'ATG', '28', 1268, 0, 1, 0, 0, NULL, NULL, NULL),
(10, 'AR', 'ARGENTINA', 'Argentina', 'ARG', '32', 54, 0, 1, 0, 0, NULL, NULL, NULL),
(11, 'AM', 'ARMENIA', 'Armenia', 'ARM', '51', 374, 0, 1, 0, 0, NULL, NULL, NULL),
(12, 'AW', 'ARUBA', 'Aruba', 'ABW', '533', 297, 0, 1, 0, 0, NULL, NULL, NULL),
(13, 'AU', 'AUSTRALIA', 'Australia', 'AUS', '36', 61, 1, 1, 0, 1, NULL, NULL, '2020-03-19 01:50:13'),
(14, 'AT', 'AUSTRIA', 'Austria', 'AUT', '40', 43, 0, 1, 0, 0, NULL, NULL, NULL),
(15, 'AZ', 'AZERBAIJAN', 'Azerbaijan', 'AZE', '31', 994, 0, 1, 0, 0, NULL, NULL, NULL),
(16, 'BS', 'BAHAMAS', 'Bahamas', 'BHS', '44', 1242, 0, 1, 0, 0, NULL, NULL, NULL),
(17, 'BH', 'BAHRAIN', 'Bahrain', 'BHR', '48', 973, 0, 1, 0, 0, NULL, NULL, NULL),
(18, 'BD', 'BANGLADESH', 'Bangladesh', 'BGD', '50', 880, 0, 1, 0, 0, NULL, NULL, NULL),
(19, 'BB', 'BARBADOS', 'Barbados', 'BRB', '52', 1246, 0, 1, 0, 0, NULL, NULL, NULL),
(20, 'BY', 'BELARUS', 'Belarus', 'BLR', '112', 375, 0, 1, 0, 0, NULL, NULL, NULL),
(21, 'BE', 'BELGIUM', 'Belgium', 'BEL', '56', 32, 0, 1, 0, 0, NULL, NULL, NULL),
(22, 'BZ', 'BELIZE', 'Belize', 'BLZ', '84', 501, 0, 1, 0, 0, NULL, NULL, NULL),
(23, 'BJ', 'BENIN', 'Benin', 'BEN', '204', 229, 0, 1, 0, 0, NULL, NULL, NULL),
(24, 'BM', 'BERMUDA', 'Bermuda', 'BMU', '60', 1441, 0, 1, 0, 0, NULL, NULL, NULL),
(25, 'BT', 'BHUTAN', 'Bhutan', 'BTN', '64', 975, 0, 1, 0, 0, NULL, NULL, NULL),
(26, 'BO', 'BOLIVIA', 'Bolivia', 'BOL', '68', 591, 0, 1, 0, 0, NULL, NULL, NULL),
(27, 'BA', 'BOSNIA AND HERZEGOVINA', 'Bosnia and Herzegovina', 'BIH', '70', 387, 0, 1, 0, 0, NULL, NULL, NULL),
(28, 'BW', 'BOTSWANA', 'Botswana', 'BWA', '72', 267, 0, 1, 0, 0, NULL, NULL, NULL),
(29, 'BV', 'BOUVET ISLAND', 'Bouvet Island', '', '', 0, 0, 1, 0, 0, NULL, NULL, NULL),
(30, 'BR', 'BRAZIL', 'Brazil', 'BRA', '76', 55, 0, 1, 0, 0, NULL, NULL, NULL),
(31, 'IO', 'BRITISH INDIAN OCEAN TERRITORY', 'British Indian Ocean Territory', '', '', 246, 0, 1, 0, 0, NULL, NULL, NULL),
(32, 'BN', 'BRUNEI DARUSSALAM', 'Brunei Darussalam', 'BRN', '96', 673, 0, 1, 0, 0, NULL, NULL, NULL),
(33, 'BG', 'BULGARIA', 'Bulgaria', 'BGR', '100', 359, 0, 1, 0, 0, NULL, NULL, NULL),
(34, 'BF', 'BURKINA FASO', 'Burkina Faso', 'BFA', '854', 226, 0, 1, 0, 0, NULL, NULL, NULL),
(35, 'BI', 'BURUNDI', 'Burundi', 'BDI', '108', 257, 0, 1, 0, 0, NULL, NULL, NULL),
(36, 'KH', 'CAMBODIA', 'Cambodia', 'KHM', '116', 855, 0, 1, 0, 0, NULL, NULL, NULL),
(37, 'CM', 'CAMEROON', 'Cameroon', 'CMR', '120', 237, 0, 1, 0, 0, NULL, NULL, NULL),
(38, 'CA', 'CANADA', 'Canada', 'CAN', '124', 1, 1, 1, 0, 1, NULL, NULL, '2020-03-19 01:51:52'),
(39, 'CV', 'CAPE VERDE', 'Cape Verde', 'CPV', '132', 238, 0, 1, 0, 0, NULL, NULL, NULL),
(40, 'KY', 'CAYMAN ISLANDS', 'Cayman Islands', 'CYM', '136', 1345, 0, 1, 0, 0, NULL, NULL, NULL),
(41, 'CF', 'CENTRAL AFRICAN REPUBLIC', 'Central African Republic', 'CAF', '140', 236, 0, 1, 0, 0, NULL, NULL, NULL),
(42, 'TD', 'CHAD', 'Chad', 'TCD', '148', 235, 0, 1, 0, 0, NULL, NULL, NULL),
(43, 'CL', 'CHILE', 'Chile', 'CHL', '152', 56, 0, 1, 0, 0, NULL, NULL, NULL),
(44, 'CN', 'CHINA', 'China', 'CHN', '156', 86, 0, 1, 0, 0, NULL, NULL, NULL),
(45, 'CX', 'CHRISTMAS ISLAND', 'Christmas Island', '', '', 61, 0, 1, 0, 0, NULL, NULL, NULL),
(46, 'CC', 'COCOS (KEELING) ISLANDS', 'Cocos (Keeling) Islands', '', '', 672, 0, 1, 0, 0, NULL, NULL, NULL),
(47, 'CO', 'COLOMBIA', 'Colombia', 'COL', '170', 57, 0, 1, 0, 0, NULL, NULL, NULL),
(48, 'KM', 'COMOROS', 'Comoros', 'COM', '174', 269, 0, 1, 0, 0, NULL, NULL, NULL),
(49, 'CG', 'CONGO', 'Congo', 'COG', '178', 242, 0, 1, 0, 0, NULL, NULL, NULL),
(50, 'CD', 'CONGO, THE DEMOCRATIC REPUBLIC OF THE', 'Congo, the Democratic Republic of the', 'COD', '180', 242, 0, 1, 0, 0, NULL, NULL, NULL),
(51, 'CK', 'COOK ISLANDS', 'Cook Islands', 'COK', '184', 682, 0, 1, 0, 0, NULL, NULL, NULL),
(52, 'CR', 'COSTA RICA', 'Costa Rica', 'CRI', '188', 506, 0, 1, 0, 0, NULL, NULL, NULL),
(53, 'CI', 'COTE D\'IVOIRE', 'Cote D\'Ivoire', 'CIV', '384', 225, 0, 1, 0, 0, NULL, NULL, NULL),
(54, 'HR', 'CROATIA', 'Croatia', 'HRV', '191', 385, 0, 1, 0, 0, NULL, NULL, NULL),
(55, 'CU', 'CUBA', 'Cuba', 'CUB', '192', 53, 0, 1, 0, 0, NULL, NULL, NULL),
(56, 'CY', 'CYPRUS', 'Cyprus', 'CYP', '196', 357, 0, 1, 0, 0, NULL, NULL, NULL),
(57, 'CZ', 'CZECH REPUBLIC', 'Czech Republic', 'CZE', '203', 420, 0, 1, 0, 0, NULL, NULL, NULL),
(58, 'DK', 'DENMARK', 'Denmark', 'DNK', '208', 45, 0, 1, 0, 0, NULL, NULL, NULL),
(59, 'DJ', 'DJIBOUTI', 'Djibouti', 'DJI', '262', 253, 0, 1, 0, 0, NULL, NULL, NULL),
(60, 'DM', 'DOMINICA', 'Dominica', 'DMA', '212', 1767, 0, 1, 0, 0, NULL, NULL, NULL),
(61, 'DO', 'DOMINICAN REPUBLIC', 'Dominican Republic', 'DOM', '214', 1809, 0, 1, 0, 0, NULL, NULL, NULL),
(62, 'EC', 'ECUADOR', 'Ecuador', 'ECU', '218', 593, 0, 1, 0, 0, NULL, NULL, NULL),
(63, 'EG', 'EGYPT', 'Egypt', 'EGY', '818', 20, 0, 1, 0, 0, NULL, NULL, NULL),
(64, 'SV', 'EL SALVADOR', 'El Salvador', 'SLV', '222', 503, 0, 1, 0, 0, NULL, NULL, NULL),
(65, 'GQ', 'EQUATORIAL GUINEA', 'Equatorial Guinea', 'GNQ', '226', 240, 0, 1, 0, 0, NULL, NULL, NULL),
(66, 'ER', 'ERITREA', 'Eritrea', 'ERI', '232', 291, 0, 1, 0, 0, NULL, NULL, NULL),
(67, 'EE', 'ESTONIA', 'Estonia', 'EST', '233', 372, 0, 1, 0, 0, NULL, NULL, NULL),
(68, 'ET', 'ETHIOPIA', 'Ethiopia', 'ETH', '231', 251, 0, 1, 0, 0, NULL, NULL, NULL),
(69, 'FK', 'FALKLAND ISLANDS (MALVINAS)', 'Falkland Islands (Malvinas)', 'FLK', '238', 500, 0, 1, 0, 0, NULL, NULL, NULL),
(70, 'FO', 'FAROE ISLANDS', 'Faroe Islands', 'FRO', '234', 298, 0, 1, 0, 0, NULL, NULL, NULL),
(71, 'FJ', 'FIJI', 'Fiji', 'FJI', '242', 679, 0, 1, 0, 0, NULL, NULL, NULL),
(72, 'FI', 'FINLAND', 'Finland', 'FIN', '246', 358, 0, 1, 0, 0, NULL, NULL, NULL),
(73, 'FR', 'FRANCE', 'France', 'FRA', '250', 33, 0, 1, 0, 0, NULL, NULL, NULL),
(74, 'GF', 'FRENCH GUIANA', 'French Guiana', 'GUF', '254', 594, 0, 1, 0, 0, NULL, NULL, NULL),
(75, 'PF', 'FRENCH POLYNESIA', 'French Polynesia', 'PYF', '258', 689, 0, 1, 0, 0, NULL, NULL, NULL),
(76, 'TF', 'FRENCH SOUTHERN TERRITORIES', 'French Southern Territories', '', '', 0, 0, 1, 0, 0, NULL, NULL, NULL),
(77, 'GA', 'GABON', 'Gabon', 'GAB', '266', 241, 0, 1, 0, 0, NULL, NULL, NULL),
(78, 'GM', 'GAMBIA', 'Gambia', 'GMB', '270', 220, 0, 1, 0, 0, NULL, NULL, NULL),
(79, 'GE', 'GEORGIA', 'Georgia', 'GEO', '268', 995, 0, 1, 0, 0, NULL, NULL, NULL),
(80, 'DE', 'GERMANY', 'Germany', 'DEU', '276', 49, 0, 1, 0, 0, NULL, NULL, NULL),
(81, 'GH', 'GHANA', 'Ghana', 'GHA', '288', 233, 0, 1, 0, 0, NULL, NULL, NULL),
(82, 'GI', 'GIBRALTAR', 'Gibraltar', 'GIB', '292', 350, 0, 1, 0, 0, NULL, NULL, NULL),
(83, 'GR', 'GREECE', 'Greece', 'GRC', '300', 30, 0, 1, 0, 0, NULL, NULL, NULL),
(84, 'GL', 'GREENLAND', 'Greenland', 'GRL', '304', 299, 0, 1, 0, 0, NULL, NULL, NULL),
(85, 'GD', 'GRENADA', 'Grenada', 'GRD', '308', 1473, 0, 1, 0, 0, NULL, NULL, NULL),
(86, 'GP', 'GUADELOUPE', 'Guadeloupe', 'GLP', '312', 590, 0, 1, 0, 0, NULL, NULL, NULL),
(87, 'GU', 'GUAM', 'Guam', 'GUM', '316', 1671, 0, 1, 0, 0, NULL, NULL, NULL),
(88, 'GT', 'GUATEMALA', 'Guatemala', 'GTM', '320', 502, 0, 1, 0, 0, NULL, NULL, NULL),
(89, 'GN', 'GUINEA', 'Guinea', 'GIN', '324', 224, 0, 1, 0, 0, NULL, NULL, NULL),
(90, 'GW', 'GUINEA-BISSAU', 'Guinea-Bissau', 'GNB', '624', 245, 0, 1, 0, 0, NULL, NULL, NULL),
(91, 'GY', 'GUYANA', 'Guyana', 'GUY', '328', 592, 0, 1, 0, 0, NULL, NULL, NULL),
(92, 'HT', 'HAITI', 'Haiti', 'HTI', '332', 509, 0, 1, 0, 0, NULL, NULL, NULL),
(93, 'HM', 'HEARD ISLAND AND MCDONALD ISLANDS', 'Heard Island and Mcdonald Islands', '', '', 0, 0, 1, 0, 0, NULL, NULL, NULL),
(94, 'VA', 'HOLY SEE (VATICAN CITY STATE)', 'Holy See (Vatican City State)', 'VAT', '336', 39, 0, 1, 0, 0, NULL, NULL, NULL),
(95, 'HN', 'HONDURAS', 'Honduras', 'HND', '340', 504, 0, 1, 0, 0, NULL, NULL, NULL),
(96, 'HK', 'HONG KONG', 'Hong Kong', 'HKG', '344', 852, 0, 1, 0, 0, NULL, NULL, NULL),
(97, 'HU', 'HUNGARY', 'Hungary', 'HUN', '348', 36, 0, 1, 0, 0, NULL, NULL, NULL),
(98, 'IS', 'ICELAND', 'Iceland', 'ISL', '352', 354, 0, 1, 0, 0, NULL, NULL, NULL),
(99, 'IN', 'INDIA', 'India', 'IND', '356', 91, 0, 1, 0, 0, NULL, NULL, NULL),
(100, 'ID', 'INDONESIA', 'Indonesia', 'IDN', '360', 62, 0, 1, 0, 0, NULL, NULL, NULL),
(101, 'IR', 'IRAN, ISLAMIC REPUBLIC OF', 'Iran, Islamic Republic of', 'IRN', '364', 98, 0, 1, 0, 0, NULL, NULL, NULL),
(102, 'IQ', 'IRAQ', 'Iraq', 'IRQ', '368', 964, 0, 1, 0, 0, NULL, NULL, NULL),
(103, 'IE', 'IRELAND', 'Ireland', 'IRL', '372', 353, 0, 1, 0, 0, NULL, NULL, NULL),
(104, 'IL', 'ISRAEL', 'Israel', 'ISR', '376', 972, 0, 1, 0, 0, NULL, NULL, NULL),
(105, 'IT', 'ITALY', 'Italy', 'ITA', '380', 39, 0, 1, 0, 0, NULL, NULL, NULL),
(106, 'JM', 'JAMAICA', 'Jamaica', 'JAM', '388', 1876, 0, 1, 0, 0, NULL, NULL, NULL),
(107, 'JP', 'JAPAN', 'Japan', 'JPN', '392', 81, 0, 1, 0, 0, NULL, NULL, NULL),
(108, 'JO', 'JORDAN', 'Jordan', 'JOR', '400', 962, 0, 1, 0, 0, NULL, NULL, NULL),
(109, 'KZ', 'KAZAKHSTAN', 'Kazakhstan', 'KAZ', '398', 7, 0, 1, 0, 0, NULL, NULL, NULL),
(110, 'KE', 'KENYA', 'Kenya', 'KEN', '404', 254, 0, 1, 0, 0, NULL, NULL, NULL),
(111, 'KI', 'KIRIBATI', 'Kiribati', 'KIR', '296', 686, 0, 1, 0, 0, NULL, NULL, NULL),
(112, 'KP', 'KOREA, DEMOCRATIC PEOPLE\'S REPUBLIC OF', 'Korea, Democratic People\'s Republic of', 'PRK', '408', 850, 0, 1, 0, 0, NULL, NULL, NULL),
(113, 'KR', 'KOREA, REPUBLIC OF', 'Korea, Republic of', 'KOR', '410', 82, 0, 1, 0, 0, NULL, NULL, NULL),
(114, 'KW', 'KUWAIT', 'Kuwait', 'KWT', '414', 965, 0, 1, 0, 0, NULL, NULL, NULL),
(115, 'KG', 'KYRGYZSTAN', 'Kyrgyzstan', 'KGZ', '417', 996, 0, 1, 0, 0, NULL, NULL, NULL),
(116, 'LA', 'LAO PEOPLE\'S DEMOCRATIC REPUBLIC', 'Lao People\'s Democratic Republic', 'LAO', '418', 856, 0, 1, 0, 0, NULL, NULL, NULL),
(117, 'LV', 'LATVIA', 'Latvia', 'LVA', '428', 371, 0, 1, 0, 0, NULL, NULL, NULL),
(118, 'LB', 'LEBANON', 'Lebanon', 'LBN', '422', 961, 0, 1, 0, 0, NULL, NULL, NULL),
(119, 'LS', 'LESOTHO', 'Lesotho', 'LSO', '426', 266, 0, 1, 0, 0, NULL, NULL, NULL),
(120, 'LR', 'LIBERIA', 'Liberia', 'LBR', '430', 231, 0, 1, 0, 0, NULL, NULL, NULL),
(121, 'LY', 'LIBYAN ARAB JAMAHIRIYA', 'Libyan Arab Jamahiriya', 'LBY', '434', 218, 0, 1, 0, 0, NULL, NULL, NULL),
(122, 'LI', 'LIECHTENSTEIN', 'Liechtenstein', 'LIE', '438', 423, 0, 1, 0, 0, NULL, NULL, NULL),
(123, 'LT', 'LITHUANIA', 'Lithuania', 'LTU', '440', 370, 0, 1, 0, 0, NULL, NULL, NULL),
(124, 'LU', 'LUXEMBOURG', 'Luxembourg', 'LUX', '442', 352, 0, 1, 0, 0, NULL, NULL, NULL),
(125, 'MO', 'MACAO', 'Macao', 'MAC', '446', 853, 0, 1, 0, 0, NULL, NULL, NULL),
(126, 'MK', 'MACEDONIA, THE FORMER YUGOSLAV REPUBLIC OF', 'Macedonia, the Former Yugoslav Republic of', 'MKD', '807', 389, 0, 1, 0, 0, NULL, NULL, NULL),
(127, 'MG', 'MADAGASCAR', 'Madagascar', 'MDG', '450', 261, 0, 1, 0, 0, NULL, NULL, NULL),
(128, 'MW', 'MALAWI', 'Malawi', 'MWI', '454', 265, 0, 1, 0, 0, NULL, NULL, NULL),
(129, 'MY', 'MALAYSIA', 'Malaysia', 'MYS', '458', 60, 0, 1, 0, 0, NULL, NULL, NULL),
(130, 'MV', 'MALDIVES', 'Maldives', 'MDV', '462', 960, 0, 1, 0, 0, NULL, NULL, NULL),
(131, 'ML', 'MALI', 'Mali', 'MLI', '466', 223, 0, 1, 0, 0, NULL, NULL, NULL),
(132, 'MT', 'MALTA', 'Malta', 'MLT', '470', 356, 0, 1, 0, 0, NULL, NULL, NULL),
(133, 'MH', 'MARSHALL ISLANDS', 'Marshall Islands', 'MHL', '584', 692, 0, 1, 0, 0, NULL, NULL, NULL),
(134, 'MQ', 'MARTINIQUE', 'Martinique', 'MTQ', '474', 596, 0, 1, 0, 0, NULL, NULL, NULL),
(135, 'MR', 'MAURITANIA', 'Mauritania', 'MRT', '478', 222, 0, 1, 0, 0, NULL, NULL, NULL),
(136, 'MU', 'MAURITIUS', 'Mauritius', 'MUS', '480', 230, 0, 1, 0, 0, NULL, NULL, NULL),
(137, 'YT', 'MAYOTTE', 'Mayotte', '', '', 269, 0, 1, 0, 0, NULL, NULL, NULL),
(138, 'MX', 'MEXICO', 'Mexico', 'MEX', '484', 52, 0, 1, 0, 0, NULL, NULL, NULL),
(139, 'FM', 'MICRONESIA, FEDERATED STATES OF', 'Micronesia, Federated States of', 'FSM', '583', 691, 0, 1, 0, 0, NULL, NULL, NULL),
(140, 'MD', 'MOLDOVA, REPUBLIC OF', 'Moldova, Republic of', 'MDA', '498', 373, 0, 1, 0, 0, NULL, NULL, NULL),
(141, 'MC', 'MONACO', 'Monaco', 'MCO', '492', 377, 0, 1, 0, 0, NULL, NULL, NULL),
(142, 'MN', 'MONGOLIA', 'Mongolia', 'MNG', '496', 976, 0, 1, 0, 0, NULL, NULL, NULL),
(143, 'MS', 'MONTSERRAT', 'Montserrat', 'MSR', '500', 1664, 0, 1, 0, 0, NULL, NULL, NULL),
(144, 'MA', 'MOROCCO', 'Morocco', 'MAR', '504', 212, 0, 1, 0, 0, NULL, NULL, NULL),
(145, 'MZ', 'MOZAMBIQUE', 'Mozambique', 'MOZ', '508', 258, 0, 1, 0, 0, NULL, NULL, NULL),
(146, 'MM', 'MYANMAR', 'Myanmar', 'MMR', '104', 95, 0, 1, 0, 0, NULL, NULL, NULL),
(147, 'NA', 'NAMIBIA', 'Namibia', 'NAM', '516', 264, 0, 1, 0, 0, NULL, NULL, NULL),
(148, 'NR', 'NAURU', 'Nauru', 'NRU', '520', 674, 0, 1, 0, 0, NULL, NULL, NULL),
(149, 'NP', 'NEPAL', 'Nepal', 'NPL', '524', 977, 0, 1, 0, 0, NULL, NULL, NULL),
(150, 'NL', 'NETHERLANDS', 'Netherlands', 'NLD', '528', 31, 0, 1, 0, 0, NULL, NULL, NULL),
(151, 'AN', 'NETHERLANDS ANTILLES', 'Netherlands Antilles', 'ANT', '530', 599, 0, 1, 0, 0, NULL, NULL, NULL),
(152, 'NC', 'NEW CALEDONIA', 'New Caledonia', 'NCL', '540', 687, 0, 1, 0, 0, NULL, NULL, NULL),
(153, 'NZ', 'NEW ZEALAND', 'New Zealand', 'NZL', '554', 64, 1, 1, 0, 1, NULL, NULL, '2020-03-19 01:52:11'),
(154, 'NI', 'NICARAGUA', 'Nicaragua', 'NIC', '558', 505, 0, 1, 0, 0, NULL, NULL, NULL),
(155, 'NE', 'NIGER', 'Niger', 'NER', '562', 227, 0, 1, 0, 0, NULL, NULL, NULL),
(156, 'NG', 'NIGERIA', 'Nigeria', 'NGA', '566', 234, 0, 1, 0, 0, NULL, NULL, NULL),
(157, 'NU', 'NIUE', 'Niue', 'NIU', '570', 683, 0, 1, 0, 0, NULL, NULL, NULL),
(158, 'NF', 'NORFOLK ISLAND', 'Norfolk Island', 'NFK', '574', 672, 0, 1, 0, 0, NULL, NULL, NULL),
(159, 'MP', 'NORTHERN MARIANA ISLANDS', 'Northern Mariana Islands', 'MNP', '580', 1670, 0, 1, 0, 0, NULL, NULL, NULL),
(160, 'NO', 'NORWAY', 'Norway', 'NOR', '578', 47, 0, 1, 0, 0, NULL, NULL, NULL),
(161, 'OM', 'OMAN', 'Oman', 'OMN', '512', 968, 0, 1, 0, 0, NULL, NULL, NULL),
(162, 'PK', 'PAKISTAN', 'Pakistan', 'PAK', '586', 92, 0, 1, 0, 0, NULL, NULL, NULL),
(163, 'PW', 'PALAU', 'Palau', 'PLW', '585', 680, 0, 1, 0, 0, NULL, NULL, NULL),
(164, 'PS', 'PALESTINIAN TERRITORY, OCCUPIED', 'Palestinian Territory, Occupied', '', '', 970, 0, 1, 0, 0, NULL, NULL, NULL),
(165, 'PA', 'PANAMA', 'Panama', 'PAN', '591', 507, 0, 1, 0, 0, NULL, NULL, NULL),
(166, 'PG', 'PAPUA NEW GUINEA', 'Papua New Guinea', 'PNG', '598', 675, 0, 1, 0, 0, NULL, NULL, NULL),
(167, 'PY', 'PARAGUAY', 'Paraguay', 'PRY', '600', 595, 0, 1, 0, 0, NULL, NULL, NULL),
(168, 'PE', 'PERU', 'Peru', 'PER', '604', 51, 0, 1, 0, 0, NULL, NULL, NULL),
(169, 'PH', 'PHILIPPINES', 'Philippines', 'PHL', '608', 63, 0, 1, 0, 0, NULL, NULL, NULL),
(170, 'PN', 'PITCAIRN', 'Pitcairn', 'PCN', '612', 0, 0, 1, 0, 0, NULL, NULL, NULL),
(171, 'PL', 'POLAND', 'Poland', 'POL', '616', 48, 0, 1, 0, 0, NULL, NULL, NULL),
(172, 'PT', 'PORTUGAL', 'Portugal', 'PRT', '620', 351, 0, 1, 0, 0, NULL, NULL, NULL),
(173, 'PR', 'PUERTO RICO', 'Puerto Rico', 'PRI', '630', 1787, 0, 1, 0, 0, NULL, NULL, NULL),
(174, 'QA', 'QATAR', 'Qatar', 'QAT', '634', 974, 0, 1, 0, 0, NULL, NULL, NULL),
(175, 'RE', 'REUNION', 'Reunion', 'REU', '638', 262, 0, 1, 0, 0, NULL, NULL, NULL),
(176, 'RO', 'ROMANIA', 'Romania', 'ROM', '642', 40, 0, 1, 0, 0, NULL, NULL, NULL),
(177, 'RU', 'RUSSIAN FEDERATION', 'Russian Federation', 'RUS', '643', 70, 0, 1, 0, 0, NULL, NULL, NULL),
(178, 'RW', 'RWANDA', 'Rwanda', 'RWA', '646', 250, 0, 1, 0, 0, NULL, NULL, NULL),
(179, 'SH', 'SAINT HELENA', 'Saint Helena', 'SHN', '654', 290, 0, 1, 0, 0, NULL, NULL, NULL),
(180, 'KN', 'SAINT KITTS AND NEVIS', 'Saint Kitts and Nevis', 'KNA', '659', 1869, 0, 1, 0, 0, NULL, NULL, NULL),
(181, 'LC', 'SAINT LUCIA', 'Saint Lucia', 'LCA', '662', 1758, 0, 1, 0, 0, NULL, NULL, NULL),
(182, 'PM', 'SAINT PIERRE AND MIQUELON', 'Saint Pierre and Miquelon', 'SPM', '666', 508, 0, 1, 0, 0, NULL, NULL, NULL),
(183, 'VC', 'SAINT VINCENT AND THE GRENADINES', 'Saint Vincent and the Grenadines', 'VCT', '670', 1784, 0, 1, 0, 0, NULL, NULL, NULL),
(184, 'WS', 'SAMOA', 'Samoa', 'WSM', '882', 684, 0, 1, 0, 0, NULL, NULL, NULL),
(185, 'SM', 'SAN MARINO', 'San Marino', 'SMR', '674', 378, 0, 1, 0, 0, NULL, NULL, NULL),
(186, 'ST', 'SAO TOME AND PRINCIPE', 'Sao Tome and Principe', 'STP', '678', 239, 0, 1, 0, 0, NULL, NULL, NULL),
(187, 'SA', 'SAUDI ARABIA', 'Saudi Arabia', 'SAU', '682', 966, 0, 1, 0, 0, NULL, NULL, NULL),
(188, 'SN', 'SENEGAL', 'Senegal', 'SEN', '686', 221, 0, 1, 0, 0, NULL, NULL, NULL),
(189, 'CS', 'SERBIA AND MONTENEGRO', 'Serbia and Montenegro', '', '', 381, 0, 1, 0, 0, NULL, NULL, NULL),
(190, 'SC', 'SEYCHELLES', 'Seychelles', 'SYC', '690', 248, 0, 1, 0, 0, NULL, NULL, NULL),
(191, 'SL', 'SIERRA LEONE', 'Sierra Leone', 'SLE', '694', 232, 0, 1, 0, 0, NULL, NULL, NULL),
(192, 'SG', 'SINGAPORE', 'Singapore', 'SGP', '702', 65, 0, 1, 0, 0, NULL, NULL, NULL),
(193, 'SK', 'SLOVAKIA', 'Slovakia', 'SVK', '703', 421, 0, 1, 0, 0, NULL, NULL, NULL),
(194, 'SI', 'SLOVENIA', 'Slovenia', 'SVN', '705', 386, 0, 1, 0, 0, NULL, NULL, NULL),
(195, 'SB', 'SOLOMON ISLANDS', 'Solomon Islands', 'SLB', '90', 677, 0, 1, 0, 0, NULL, NULL, NULL),
(196, 'SO', 'SOMALIA', 'Somalia', 'SOM', '706', 252, 0, 1, 0, 0, NULL, NULL, NULL),
(197, 'ZA', 'SOUTH AFRICA', 'South Africa', 'ZAF', '710', 27, 0, 1, 0, 0, NULL, NULL, NULL),
(198, 'GS', 'SOUTH GEORGIA AND THE SOUTH SANDWICH ISLANDS', 'South Georgia and the South Sandwich Islands', '', '', 0, 0, 1, 0, 0, NULL, NULL, NULL),
(199, 'ES', 'SPAIN', 'Spain', 'ESP', '724', 34, 0, 1, 0, 0, NULL, NULL, NULL),
(200, 'LK', 'SRI LANKA', 'Sri Lanka', 'LKA', '144', 94, 0, 1, 0, 0, NULL, NULL, NULL),
(201, 'SD', 'SUDAN', 'Sudan', 'SDN', '736', 249, 0, 1, 0, 0, NULL, NULL, NULL),
(202, 'SR', 'SURINAME', 'Suriname', 'SUR', '740', 597, 0, 1, 0, 0, NULL, NULL, NULL),
(203, 'SJ', 'SVALBARD AND JAN MAYEN', 'Svalbard and Jan Mayen', 'SJM', '744', 47, 0, 1, 0, 0, NULL, NULL, NULL),
(204, 'SZ', 'SWAZILAND', 'Swaziland', 'SWZ', '748', 268, 0, 1, 0, 0, NULL, NULL, NULL),
(205, 'SE', 'SWEDEN', 'Sweden', 'SWE', '752', 46, 0, 1, 0, 0, NULL, NULL, NULL),
(206, 'CH', 'SWITZERLAND', 'Switzerland', 'CHE', '756', 41, 0, 1, 0, 0, NULL, NULL, NULL),
(207, 'SY', 'SYRIAN ARAB REPUBLIC', 'Syrian Arab Republic', 'SYR', '760', 963, 0, 1, 0, 0, NULL, NULL, NULL),
(208, 'TW', 'TAIWAN, PROVINCE OF CHINA', 'Taiwan, Province of China', 'TWN', '158', 886, 0, 1, 0, 0, NULL, NULL, NULL),
(209, 'TJ', 'TAJIKISTAN', 'Tajikistan', 'TJK', '762', 992, 0, 1, 0, 0, NULL, NULL, NULL),
(210, 'TZ', 'TANZANIA, UNITED REPUBLIC OF', 'Tanzania, United Republic of', 'TZA', '834', 255, 0, 1, 0, 0, NULL, NULL, NULL),
(211, 'TH', 'THAILAND', 'Thailand', 'THA', '764', 66, 0, 1, 0, 0, NULL, NULL, NULL),
(212, 'TL', 'TIMOR-LESTE', 'Timor-Leste', '', '', 670, 0, 1, 0, 0, NULL, NULL, NULL),
(213, 'TG', 'TOGO', 'Togo', 'TGO', '768', 228, 0, 1, 0, 0, NULL, NULL, NULL),
(214, 'TK', 'TOKELAU', 'Tokelau', 'TKL', '772', 690, 0, 1, 0, 0, NULL, NULL, NULL),
(215, 'TO', 'TONGA', 'Tonga', 'TON', '776', 676, 0, 1, 0, 0, NULL, NULL, NULL),
(216, 'TT', 'TRINIDAD AND TOBAGO', 'Trinidad and Tobago', 'TTO', '780', 1868, 0, 1, 0, 0, NULL, NULL, NULL),
(217, 'TN', 'TUNISIA', 'Tunisia', 'TUN', '788', 216, 0, 1, 0, 0, NULL, NULL, NULL),
(218, 'TR', 'TURKEY', 'Turkey', 'TUR', '792', 90, 0, 1, 0, 0, NULL, NULL, NULL),
(219, 'TM', 'TURKMENISTAN', 'Turkmenistan', 'TKM', '795', 7370, 0, 1, 0, 0, NULL, NULL, NULL),
(220, 'TC', 'TURKS AND CAICOS ISLANDS', 'Turks and Caicos Islands', 'TCA', '796', 1649, 0, 1, 0, 0, NULL, NULL, NULL),
(221, 'TV', 'TUVALU', 'Tuvalu', 'TUV', '798', 688, 0, 1, 0, 0, NULL, NULL, NULL),
(222, 'UG', 'UGANDA', 'Uganda', 'UGA', '800', 256, 0, 1, 0, 0, NULL, NULL, NULL),
(223, 'UA', 'UKRAINE', 'Ukraine', 'UKR', '804', 380, 0, 1, 0, 0, NULL, NULL, NULL),
(224, 'AE', 'UNITED ARAB EMIRATES', 'United Arab Emirates', 'ARE', '784', 971, 0, 1, 0, 0, NULL, NULL, NULL),
(225, 'GB', 'UNITED KINGDOM', 'United Kingdom', 'GBR', '826', 44, 1, 1, 0, 1, NULL, NULL, '2020-03-19 01:49:19'),
(226, 'US', 'UNITED STATES', 'United States', 'USA', '840', 1, 1, 1, 0, 1, NULL, NULL, '2020-03-19 01:49:07'),
(227, 'UM', 'UNITED STATES MINOR OUTLYING ISLANDS', 'United States Minor Outlying Islands', '', '', 1, 0, 1, 0, 0, NULL, NULL, NULL),
(228, 'UY', 'URUGUAY', 'Uruguay', 'URY', '858', 598, 0, 1, 0, 0, NULL, NULL, NULL),
(229, 'UZ', 'UZBEKISTAN', 'Uzbekistan', 'UZB', '860', 998, 0, 1, 0, 0, NULL, NULL, NULL),
(230, 'VU', 'VANUATU', 'Vanuatu', 'VUT', '548', 678, 0, 1, 0, 0, NULL, NULL, NULL),
(231, 'VE', 'VENEZUELA', 'Venezuela', 'VEN', '862', 58, 0, 1, 0, 0, NULL, NULL, NULL),
(232, 'VN', 'VIET NAM', 'Viet Nam', 'VNM', '704', 84, 0, 1, 0, 0, NULL, NULL, NULL),
(233, 'VG', 'VIRGIN ISLANDS, BRITISH', 'Virgin Islands, British', 'VGB', '92', 1284, 0, 1, 0, 0, NULL, NULL, NULL),
(234, 'VI', 'VIRGIN ISLANDS, U.S.', 'Virgin Islands, U.s.', 'VIR', '850', 1340, 0, 1, 0, 0, NULL, NULL, NULL),
(235, 'WF', 'WALLIS AND FUTUNA', 'Wallis and Futuna', 'WLF', '876', 681, 0, 1, 0, 0, NULL, NULL, NULL),
(236, 'EH', 'WESTERN SAHARA', 'Western Sahara', 'ESH', '732', 212, 0, 1, 0, 0, NULL, NULL, NULL),
(237, 'YE', 'YEMEN', 'Yemen', 'YEM', '887', 967, 0, 1, 0, 0, NULL, NULL, NULL),
(238, 'ZM', 'ZAMBIA', 'Zambia', 'ZMB', '894', 260, 0, 1, 0, 0, NULL, NULL, NULL),
(239, 'ZW', 'ZIMBABWE', 'Zimbabwe', 'ZWE', '716', 263, 0, 1, 0, 0, NULL, NULL, NULL);

--
-- Dumping data for table `payment_types`
--

INSERT INTO `payment_types` (`id`, `description`, `is_active`, `created_by`, `updated_by`, `deleted_at`, `created_at`, `updated_at`) VALUES
(1, 'Credit Card', 1, 1, 1, NULL, '2019-11-19 18:30:31', '2019-11-19 18:30:31'),
(2, 'Paypal', 1, 1, 1, NULL, '2019-11-19 18:30:31', '2019-11-19 18:30:31'),
(3, 'Bank Transfer', 1, 1, 1, NULL, '2019-11-19 18:30:31', '2019-11-19 18:30:31'),
(4, 'Money Order', 1, 1, 1, NULL, '2020-04-28 08:58:43', '2020-04-28 08:58:44');

--
-- Dumping data for table `roles`
--

INSERT INTO `roles` (`id`, `name`, `is_active`, `created_by`, `updated_by`, `deleted_at`, `created_at`, `updated_at`) VALUES
(1, 'Super Admin', 1, 1, 1, NULL, '2019-11-19 18:30:31', '2019-11-19 18:30:31'),
(2, 'Administrator', 1, 1, 1, NULL, '2019-11-19 18:30:31', '2019-11-19 18:30:31'),
(3, 'Site Manager', 1, 1, 1, NULL, '2019-11-19 18:30:31', '2019-11-19 18:30:31'),
(4, 'Guest', 1, 1, 1, NULL, '2019-11-19 18:30:31', '2019-11-19 18:30:31');

--
-- Dumping data for table `role_route`
--

INSERT INTO `role_route` (`role_id`, `route_id`) VALUES
(1, 1),
(1, 26),
(4, 1),
(4, 26);

--
-- Dumping data for table `routes`
--

INSERT INTO `routes` (`id`, `path`, `redirect`, `name`, `component`, `parent_id`, `props`, `is_active`, `created_by`, `updated_by`, `deleted_at`, `created_at`, `updated_at`) VALUES
(1, '/', '/bookings', 'Home', 'containers/MainContainer', -1, 0, 1, 1, 1, NULL, '2019-07-09 16:39:33', '2019-07-12 18:45:31'),
(2, '/dashboard', '/bookings', 'Dashboard', 'views/Dashboard', 1, 0, 1, 1, 1, NULL, '2019-07-09 16:39:33', '2019-07-12 19:16:47'),
(4, '/boat-models', '', 'BoatModels', 'views/content/maintenance/boat_models/View', 1, 0, 1, 1, 1, NULL, NULL, NULL),
(5, '/boat-types', '', 'BoatTypes', 'views/content/maintenance/boat_types/View', 1, 0, 1, 1, 1, NULL, NULL, NULL),
(6, '/boat-brands', '', 'BoatBrands', 'views/content/maintenance/boat_brands/View', 1, 0, 1, 1, 1, NULL, NULL, NULL),
(7, '/cabin-types', '', 'CabinTypes', 'views/content/maintenance/cabin_types/View', 1, 0, 1, 1, 1, NULL, NULL, NULL),
(8, '/nationalities', '', 'Nationalities', 'views/content/maintenance/nationalities/View', 1, 0, 1, 1, 1, NULL, NULL, NULL),
(9, '/guest-titles', '', 'GuestTitles', 'views/content/maintenance/guest_titles/View', 1, 0, 1, 1, 1, NULL, NULL, NULL),
(10, '/payment-types', '', 'PaymentTypes', 'views/content/maintenance/payment_types/View', 1, 0, 1, 1, 1, NULL, NULL, NULL),
(11, '/identification-card-types', '', 'IdentificationCardTypes', 'views/content/maintenance/identification_card_types/View', 1, 0, 1, 1, 1, NULL, NULL, NULL),
(12, '/crew-types', '', 'CrewTypes', 'views/content/maintenance/crew_types/View', 1, 0, 1, 1, 1, NULL, NULL, NULL),
(13, '/inclusions', '', 'Inclusions', 'views/content/maintenance/inclusions/View', 1, 0, 1, 1, 1, NULL, NULL, NULL),
(14, '/exclusions', '', 'Exclusions', 'views/content/maintenance/exclusions/View', 1, 0, 1, 1, 1, NULL, NULL, NULL),
(15, '/add-ons', '', 'AddOns', 'views/content/maintenance/add_ons/View', 1, 0, 1, 1, 1, NULL, '2019-07-17 07:34:54', '2019-07-17 07:34:54'),
(16, '/itinerary-brands', '', 'ItineraryBrands', 'views/content/maintenance/itinerary_brands/View', 1, 0, 1, 1, 1, NULL, '2019-07-17 09:17:18', '2019-07-17 09:17:18'),
(17, '/boats', '', 'Boats', 'views/content/maintenance/boats/View', 1, 0, 1, 1, 1, NULL, '2019-07-25 20:34:00', '2019-07-25 20:36:48'),
(18, '/galleries', '', 'Galleries', 'views/content/maintenance/galleries/View', 1, 0, 1, 1, 1, NULL, '2019-08-04 02:10:31', '2019-08-04 02:10:31'),
(19, '/itinerary-cities', '', 'ItineraryCities', 'views/content/maintenance/itinerary_cities/View', 1, 0, 1, 1, 1, NULL, '2019-08-07 00:30:28', '2019-08-07 00:30:28'),
(20, '/itineraries', '', 'Itineraries', 'views/content/itineraries/Index', 1, 0, 1, 1, 1, NULL, '2019-08-11 23:52:57', '2019-08-11 23:52:57'),
(21, '/itinerary-countries', '', 'ItineraryCountries', 'views/content/maintenance/itinerary_countries/View', 1, 0, 1, 1, 1, NULL, '2019-08-26 00:35:30', '2019-08-26 00:35:30'),
(22, '/boat-crews', '', 'BoatCrews', 'views/content/maintenance/boat_crews/View', 1, 0, 1, 1, 1, NULL, '2019-08-26 01:10:04', '2019-08-26 01:10:04'),
(23, '/itineraries/create', '', 'Create', 'views/content/itineraries/Create', 1, 0, 1, 1, 1, NULL, '2019-08-26 18:26:28', '2019-08-26 18:58:27'),
(24, '/boat-ambassadors', '', 'BoatAmbassadors', 'views/content/maintenance/boat_ambassadors/View', 1, 0, 1, 1, 1, NULL, '2019-08-26 01:10:04', '2019-08-26 01:10:04'),
(25, '/bookings', '', 'Bookings', 'views/content/bookings/Index', 1, 0, 1, 1, 1, NULL, '2019-08-26 01:10:04', '2019-08-26 01:10:04'),
(26, '/print', '/print', 'Print', 'containers/PrintContainer', -1, 0, 1, 1, 1, NULL, '2019-07-09 16:39:33', '2019-07-12 18:45:31'),
(27, '/print/receipt/:booking_id', '', 'PrintReceipt', 'views/content/print/Receipt', 26, 0, 1, 1, 1, NULL, '2019-07-09 16:39:33', '2019-07-12 19:16:47'),
(28, '/print/itinerary/:booking_id', '', 'PrintItinerary', 'views/content/print/Index', 26, 0, 1, 1, 1, NULL, '2019-07-09 16:39:33', '2019-07-12 19:16:47'),
(29, '/', '/dashboard', 'Guest Dashboard', 'containers/MainContainer', -1, 0, 1, 1, 1, NULL, '2019-07-09 16:39:33', '2019-07-12 18:45:31'),
(30, '/print/boat-manifest/:itinerary_id', '', 'PrintBoatManifest', 'views/content/print/BoatManifest', 26, 0, 1, 1, 1, NULL, '2019-07-09 16:39:33', '2019-07-12 19:16:47'),
(31, '/my-account', '', 'MyAccount', 'views/content/maintenance/my_account/Index', 1, 0, 1, 1, 1, NULL, '2020-02-25 05:46:00', '2020-02-25 05:46:01'),
(32, '/system-routes', '', 'SystemRoutes', 'views/content/system_routes/Index', 1, 0, 1, 1, 1, NULL, NULL, NULL),
(33, '/diet-options', '', 'DietOptions', 'views/content/maintenance/diet_options/View', 1, 0, 1, 1, 1, NULL, '2020-03-12 03:48:29', '2020-03-12 03:48:29'),
(34, '/gender', '', 'Gender', 'views/content/maintenance/genders/View', 1, 0, 1, 1, 1, NULL, '2020-03-12 05:54:06', '2020-03-12 05:54:06'),
(35, '/lead-sources', '', 'LeadSources', 'views/content/maintenance/lead_sources/View', 1, 0, 1, 1, 1, NULL, '2020-03-13 00:48:04', '2020-03-13 00:48:04'),
(36, '/print/crew-list/:itinerary_id', '', 'PrintCrewList', 'views/content/print/CrewList', 26, 0, 1, 1, 1, NULL, '2020-03-24 05:45:12', '2020-03-24 05:45:45'),
(37, '/master-list', '', 'MasterList', 'views/content/reports/MasterList', 1, 0, 1, 1, 1, NULL, '2020-04-13 12:28:52', '2020-04-13 12:28:54');

--
-- Dumping data for table `users`
--

INSERT INTO `users` (`id`, `image`, `thumbnail`, `last_name`, `first_name`, `middle_name`, `default`, `email`, `role_id`, `email_verified_at`, `password`, `is_active`, `deleted_at`, `remember_token`, `created_at`, `updated_at`) VALUES
(1, NULL, NULL, 'Super Admin', 'Super Admin', 'Super Admin', '', 'a@admin.com', 1, NULL, '$2y$10$zleu0t2qRgVXFY8M1r3w5uFC9YkA862SpZaTy79O/BKGJDt1odFiy', 1, NULL, NULL, '2019-11-19 18:30:31', '2019-11-19 18:30:31'),
(2, NULL, NULL, 'Woodcock', 'Geoff', 'na', '', 'geoffwoodcock@medsailing.com', 1, NULL, '$2y$10$zleu0t2qRgVXFY8M1r3w5uFC9YkA862SpZaTy79O/BKGJDt1odFiy', 1, NULL, NULL, '2019-11-19 18:30:31', '2019-11-19 18:30:31'),
(3, NULL, NULL, 'Araneta', 'Amanda', 'na', '', 'amandaaraneta@medsailing.com', 1, NULL, '$2y$10$zleu0t2qRgVXFY8M1r3w5uFC9YkA862SpZaTy79O/BKGJDt1odFiy', 1, NULL, NULL, '2019-11-19 18:30:31', '2019-11-19 18:30:31'),
(4, NULL, NULL, 'Lamata', 'Roger', 'na', '', 'rogerlamata@medsailing.com', 1, NULL, '$2y$10$zleu0t2qRgVXFY8M1r3w5uFC9YkA862SpZaTy79O/BKGJDt1odFiy', 1, NULL, NULL, '2019-11-19 18:30:31', '2019-11-19 18:30:31'),
(5, NULL, NULL, 'Gemal', 'Mark', 'na', '', 'markgemal@medsailing.com', 1, NULL, '$2y$10$zleu0t2qRgVXFY8M1r3w5uFC9YkA862SpZaTy79O/BKGJDt1odFiy', 1, NULL, NULL, '2019-11-19 18:30:31', '2019-11-19 18:30:31');
